Time,ms,H2,Temp.,CH4_14,CH4_15,CH4_16,H2O,C2H4_24,C2H4_26,C2H4_27,CO,Ethane,O2,Ar,CO2,source_file,temperature_deg
00:00:00,532,8.59998e-09,29.3528,3.43999e-08,2.23599e-07,2.70899e-07,8.59998e-09,0.0,4.29999e-09,0.0,0.0,6.31423e-09,1.07499e-07,2.34349e-06,6.73486e-11,1783479509584_file4092_500_deg.csv,500
00:00:19,19340,-2.02099e-09,29.3528,2.82187e-08,2.23728e-07,2.7278e-07,4.69774e-09,-3.63173e-08,3.36474e-09,6.77248e-10,3.35399e-09,-1.97319e-09,1.04812e-07,2.37843e-06,6.04041e-11,1783479509584_file4092_500_deg.csv,500
00:00:33,33104,7.52498e-10,29.5497,3.09599e-08,2.17149e-07,2.63804e-07,6.44999e-09,2.90538e-09,1.07499e-10,1.07499e-10,3.97749e-09,0.0,1.02984e-07,2.39926e-06,7.98938e-11,1783479509584_file4092_500_deg.csv,500
00:00:52,52451,6.34894e-10,31.1247,3.11749e-08,2.18977e-07,2.65632e-07,6.7785e-09,4.70673e-10,2.27899e-11,3.08524e-11,3.98426e-09,8.83993e-12,1.03844e-07,2.4174e-06,7.48413e-11,1783479509584_file4092_500_deg.csv,500
00:01:17,77118,6.60769e-10,36.0465,3.11137e-08,2.19407e-07,2.66169e-07,6.91393e-09,3.67822e-10,2.12957e-11,1.76514e-11,3.99343e-09,6.51313e-11,1.03199e-07,2.42546e-06,8.06356e-11,1783479509584_file4092_500_deg.csv,500
00:01:56,116086,7.01361e-10,44.1838,3.12522e-08,2.20697e-07,2.67889e-07,6.92335e-09,1.90013e-10,7.58948e-12,1.64582e-11,4.00162e-09,4.06952e-11,1.03307e-07,2.45435e-06,2.1043e-10,1783479509584_file4092_500_deg.csv,500
00:03:07,187037,6.73636e-10,58.4241,3.12334e-08,2.21127e-07,2.68212e-07,6.89931e-09,-2.11804e-10,1.62324e-12,1.96724e-11,3.951e-09,4.98508e-11,1.02339e-07,2.46644e-06,3.79323e-10,1783479509584_file4092_500_deg.csv,500
00:04:14,254737,6.58952e-10,72.0739,3.11292e-08,2.21664e-07,2.68857e-07,6.8962e-09,-5.52024e-11,3.25724e-12,2.49614e-11,3.981e-09,6.6694e-11,1.03092e-07,2.49399e-06,5.73877e-10,1783479509584_file4092_500_deg.csv,500
00:05:25,325687,6.66165e-10,86.8392,3.1146e-08,2.22847e-07,2.70039e-07,7.17807e-09,7.96078e-11,2.33274e-12,3.13147e-11,4.00769e-09,4.6962e-11,1.03952e-07,2.48862e-06,7.02328e-10,1783479509584_file4092_500_deg.csv,500
00:06:36,396637,6.69304e-10,100.9483,3.12394e-08,2.23707e-07,2.71329e-07,7.83456e-09,2.52479e-10,-4.09574e-12,1.62539e-11,4.03427e-09,4.83985e-11,1.05134e-07,2.51683e-06,8.31812e-10,1783479509584_file4092_500_deg.csv,500
00:07:47,467587,6.73497e-10,115.5168,3.13758e-08,2.24782e-07,2.72619e-07,8.77027e-09,-3.83511e-10,-1.77374e-12,1.69742e-11,4.04402e-09,4.97561e-11,1.05457e-07,2.52087e-06,9.41999e-10,1783479509584_file4092_500_deg.csv,500
00:08:58,538516,6.75958e-10,129.5602,3.14209e-08,2.25319e-07,2.73157e-07,9.71464e-09,-1.68513e-10,6.69723e-12,1.86404e-11,4.07076e-09,5.65596e-11,1.05779e-07,2.50743e-06,1.18197e-09,1783479509584_file4092_500_deg.csv,500
00:10:06,606216,6.84042e-10,142.9474,3.1316e-08,2.25104e-07,2.72834e-07,1.05163e-08,6.0287e-10,1.74149e-12,1.73934e-11,4.07689e-09,5.74752e-11,1.05672e-07,2.50944e-06,1.61348e-09,1783479509584_file4092_500_deg.csv,500
00:11:17,677167,6.60135e-10,156.6628,3.13678e-08,2.24782e-07,2.72619e-07,1.12257e-08,1.74324e-12,-1.79524e-12,3.01429e-11,4.12838e-09,5.11768e-11,1.04919e-07,2.50743e-06,2.18239e-09,1783479509584_file4092_500_deg.csv,500
00:12:28,748117,6.68272e-10,170.7063,3.12192e-08,2.24244e-07,2.71974e-07,1.18531e-08,4.16924e-10,-5.91249e-12,2.87024e-11,4.17129e-09,1.05321e-10,1.03199e-07,2.52221e-06,2.64959e-09,1783479509584_file4092_500_deg.csv,500
00:13:36,816967,6.84827e-10,183.6998,3.12079e-08,2.24137e-07,2.71974e-07,1.30854e-08,2.27493e-10,2.46174e-12,3.01322e-11,4.17261e-09,1.35598e-10,1.03092e-07,2.53497e-06,2.66754e-09,1783479509584_file4092_500_deg.csv,500
00:14:45,885817,6.78022e-10,196.9557,3.13308e-08,2.24997e-07,2.73049e-07,1.51884e-08,1.42365e-11,-5.20299e-12,6.03611e-11,4.24078e-09,2.12079e-10,1.04812e-07,2.52826e-06,2.38317e-09,1783479509584_file4092_500_deg.csv,500
00:15:54,954667,6.89299e-10,210.0149,3.15175e-08,2.26072e-07,2.74232e-07,1.69984e-08,-3.10876e-10,4.52574e-12,3.28411e-11,4.22156e-09,2.52173e-10,1.04597e-07,2.50205e-06,2.45659e-09,1783479509584_file4092_500_deg.csv,500
00:17:03,1023517,6.96846e-10,223.5333,3.14691e-08,2.25534e-07,2.73694e-07,1.70984e-08,2.19939e-10,2.22524e-12,1.64904e-11,4.2368e-09,2.00587e-10,1.03414e-07,2.49802e-06,2.63629e-09,1783479509584_file4092_500_deg.csv,500
00:18:12,1092367,7.04231e-10,237.0518,3.14417e-08,2.24674e-07,2.72619e-07,1.64139e-08,4.41911e-10,1.77804e-11,2.90464e-11,4.24564e-09,1.61865e-10,1.03522e-07,2.48727e-06,2.73114e-09,1783479509584_file4092_500_deg.csv,500
00:19:21,1161217,6.98254e-10,250.1109,3.12992e-08,2.24137e-07,2.71759e-07,1.54772e-08,4.72416e-10,1.26634e-11,1.89307e-11,4.22487e-09,1.42954e-10,1.03199e-07,2.48257e-06,2.97403e-09,1783479509584_file4092_500_deg.csv,500
00:20:30,1230067,6.8601e-10,263.3013,3.12334e-08,2.23814e-07,2.71007e-07,1.47126e-08,-1.44689e-10,1.36847e-11,1.95112e-11,4.2497e-09,2.55947e-10,1.02447e-07,2.49332e-06,3.3591e-09,1783479509584_file4092_500_deg.csv,500
00:21:38,1298917,6.82645e-10,276.951,3.12079e-08,2.23062e-07,2.70147e-07,1.38822e-08,4.71835e-10,-5.09549e-12,4.76224e-12,4.27847e-09,4.36928e-10,1.01049e-07,2.50541e-06,4.05649e-09,1783479509584_file4092_500_deg.csv,500
00:22:47,1367767,7.01253e-10,290.4695,3.09001e-08,2.21879e-07,2.68642e-07,1.33905e-08,2.61776e-10,2.67459e-11,1.01587e-11,4.31458e-09,9.36542e-10,9.90073e-08,2.49937e-06,5.12233e-09,1783479509584_file4092_500_deg.csv,500
00:23:59,1439738,7.12132e-10,303.8567,3.0786e-08,2.20804e-07,2.66922e-07,1.30786e-08,2.47831e-10,9.67498e-13,2.75307e-11,4.39893e-09,1.55474e-09,9.59973e-08,2.50407e-06,6.53189e-09,1783479509584_file4092_500_deg.csv,500
00:25:01,1501958,7.02328e-10,315.9971,3.05884e-08,2.19514e-07,2.65309e-07,1.31129e-08,2.93443e-11,1.99842e-11,1.79847e-11,4.54371e-09,2.79675e-09,9.21273e-08,2.5034e-06,8.48704e-09,1783479509584_file4092_500_deg.csv,500
00:26:04,1564177,7.52713e-10,328.1375,3.03525e-08,2.17579e-07,2.62837e-07,1.35537e-08,3.90484e-10,2.75199e-12,2.85949e-11,4.74289e-09,5.0779e-09,8.73973e-08,2.53162e-06,1.1092e-08,1783479509584_file4092_500_deg.csv,500
00:27:07,1627418,7.74428e-10,340.2123,3.00273e-08,2.14892e-07,2.59719e-07,1.47261e-08,-1.88851e-11,1.33407e-11,3.48191e-11,5.03705e-09,8.22706e-09,8.12181e-08,2.54774e-06,1.41314e-08,1783479509584_file4092_500_deg.csv,500
00:28:04,1684788,8.18686e-10,351.3683,2.96928e-08,2.12419e-07,2.56602e-07,1.70273e-08,3.55038e-10,-2.05217e-11,1.29644e-11,5.17175e-09,1.04102e-08,7.71592e-08,2.55715e-06,1.57131e-08,1783479509584_file4092_500_deg.csv,500
00:28:58,1738777,8.51989e-10,361.8681,2.9508e-08,2.11559e-07,2.55312e-07,2.04867e-08,1.83621e-10,5.22449e-12,1.51467e-11,5.02667e-09,9.26504e-09,8.0129e-08,2.55782e-06,1.38788e-08,1783479509584_file4092_500_deg.csv,500
00:29:52,1792766,8.40981e-10,372.5647,2.9954e-08,2.14999e-07,2.60042e-07,2.44716e-08,3.38186e-10,1.02769e-11,2.13602e-11,4.61828e-09,5.6904e-09,9.23047e-08,2.53095e-06,8.02438e-09,1783479509584_file4092_500_deg.csv,500
00:30:49,1849877,7.59185e-10,383.5895,3.07893e-08,2.21019e-07,2.67889e-07,2.64759e-08,3.48646e-12,6.40699e-12,8.07323e-12,4.36332e-09,4.2528e-09,9.80673e-08,2.50541e-06,6.25729e-09,1783479509584_file4092_500_deg.csv,500
00:31:45,1905967,7.60346e-10,394.4174,3.10263e-08,2.21664e-07,2.67889e-07,2.52953e-08,2.98384e-10,1.32869e-11,2.76597e-11,4.28926e-09,5.0572e-09,9.46603e-08,2.49265e-06,6.7385e-09,1783479509584_file4092_500_deg.csv,500
00:32:42,1962056,7.51176e-10,405.4422,3.07079e-08,2.19192e-07,2.64987e-07,2.33059e-08,3.89322e-10,2.53699e-12,2.00917e-11,4.27851e-09,5.97488e-09,9.2087e-08,2.4987e-06,7.4405e-09,1783479509584_file4092_500_deg.csv,500
00:33:34,2014896,7.62152e-10,415.6139,3.05299e-08,2.17902e-07,2.63159e-07,2.19487e-08,2.89957e-10,1.67269e-11,6.44998e-13,4.28711e-09,6.85549e-09,9.01379e-08,2.50004e-06,8.38901e-09,1783479509584_file4092_500_deg.csv,500
00:34:29,2069944,7.90607e-10,425.9824,3.04559e-08,2.17149e-07,2.62407e-07,2.13353e-08,1.42074e-10,6.36399e-12,5.52441e-11,4.31335e-09,7.59872e-09,8.8272e-08,2.49399e-06,9.73259e-09,1783479509584_file4092_500_deg.csv,500
00:35:26,2126033,8.28683e-10,437.0728,3.02954e-08,2.16074e-07,2.60902e-07,2.13629e-08,3.71308e-10,7.35298e-12,1.62969e-11,4.37273e-09,8.23875e-09,8.53783e-08,2.49869e-06,1.13257e-08,1783479509584_file4092_500_deg.csv,500
00:36:23,2183144,8.59622e-10,448.032,3.01516e-08,2.15107e-07,2.59934e-07,2.18446e-08,1.70547e-10,3.16049e-12,1.12444e-11,4.43624e-09,8.36435e-09,8.28682e-08,2.50608e-06,1.29067e-08,1783479509584_file4092_500_deg.csv,500
00:37:17,2237133,9.28637e-10,458.9255,2.99292e-08,2.14354e-07,2.58644e-07,2.29404e-08,3.53586e-10,-2.16074e-12,1.88447e-11,4.52454e-09,8.16304e-09,7.97541e-08,2.49197e-06,1.51171e-08,1783479509584_file4092_500_deg.csv,500
00:38:11,2291122,1.04467e-09,469.6222,2.97169e-08,2.12312e-07,2.56602e-07,2.43359e-08,3.42254e-10,8.07323e-12,1.83932e-11,4.72438e-09,7.26166e-09,7.42071e-08,2.4745e-06,1.78745e-08,1783479509584_file4092_500_deg.csv,500
00:39:05,2345111,1.23814e-09,479.8595,2.9309e-08,2.09194e-07,2.52517e-07,2.61143e-08,8.077e-11,1.38459e-11,1.51359e-11,5.09477e-09,6.04162e-09,6.63039e-08,2.47921e-06,2.32999e-08,1783479509584_file4092_500_deg.csv,500
00:39:59,2399100,1.61538e-09,490.1624,2.8609e-08,2.04357e-07,2.47034e-07,2.90927e-08,1.51662e-10,1.15347e-11,3.05084e-11,5.78161e-09,4.76386e-09,5.549e-08,2.48996e-06,3.11131e-08,1783479509584_file4092_500_deg.csv,500
00:40:53,2453089,2.08264e-09,500.2684,2.78457e-08,1.98767e-07,2.40799e-07,3.37018e-08,-2.53641e-10,3.00247e-11,7.24333e-11,6.4658e-09,3.5343e-09,4.49973e-08,2.52221e-06,3.9453e-08,1783479509584_file4092_500_deg.csv,500
00:41:47,2507078,2.29539e-09,510.7026,2.71961e-08,1.94144e-07,2.35424e-07,3.95223e-08,5.69457e-11,4.39136e-11,9.08911e-11,7.09445e-09,2.44747e-09,3.63975e-08,2.52624e-06,4.62733e-08,1783479509584_file4092_500_deg.csv,500
00:42:41,2561067,2.08859e-09,521.268,2.66707e-08,1.90167e-07,2.31339e-07,4.47434e-08,2.89957e-10,1.2585e-10,2.02615e-10,7.58389e-09,1.68662e-09,3.02349e-08,2.55245e-06,5.03387e-08,1783479509584_file4092_500_deg.csv,500
00:43:35,2615056,1.85314e-09,531.7678,2.62924e-08,1.87157e-07,2.27362e-07,4.86544e-08,4.1547e-10,2.52345e-10,3.65348e-10,8.20388e-09,1.28101e-09,2.54592e-08,2.53228e-06,5.22604e-08,1783479509584_file4092_500_deg.csv,500
00:44:29,2669045,1.71062e-09,542.0051,2.59713e-08,1.84577e-07,2.24137e-07,5.13164e-08,8.74814e-10,4.05037e-10,5.81907e-10,8.80872e-09,1.12344e-09,2.29398e-08,2.53833e-06,5.30579e-08,1783479509584_file4092_500_deg.csv,500
00:45:29,2729665,1.67701e-09,553.6205,2.57039e-08,1.82212e-07,2.22094e-07,5.33877e-08,9.428e-10,5.9413e-10,7.91381e-10,9.17777e-09,1.05523e-09,2.36177e-08,2.52624e-06,5.12908e-08,1783479509584_file4092_500_deg.csv,500
00:46:30,2790284,1.65778e-09,565.4328,2.57468e-08,1.82212e-07,2.21664e-07,5.48336e-08,7.83876e-10,7.68742e-10,1.02953e-09,9.8854e-09,1.09647e-09,2.23721e-08,2.52691e-06,5.14171e-08,1783479509584_file4092_500_deg.csv,500
00:47:30,2850904,1.68989e-09,577.5075,2.5583e-08,1.80814e-07,2.19944e-07,5.58166e-08,1.29377e-09,1.0056e-09,1.34393e-09,1.07529e-08,1.20307e-09,1.96731e-08,2.5249e-06,5.31371e-08,1783479509584_file4092_500_deg.csv,500
00:48:31,2911524,1.77165e-09,589.451,2.53168e-08,1.78342e-07,2.16934e-07,5.65818e-08,1.50558e-09,1.27349e-09,1.68818e-09,1.16791e-08,1.33814e-09,1.76756e-08,2.51886e-06,5.39253e-08,1783479509584_file4092_500_deg.csv,500
00:49:30,2970043,1.87044e-09,599.8196,2.5028e-08,1.76299e-07,2.14354e-07,5.73263e-08,1.83795e-09,1.61068e-09,2.19931e-09,1.33045e-08,1.63392e-09,1.1231e-08,2.5249e-06,5.88682e-08,1783479509584_file4092_500_deg.csv,500
00:50:28,3028563,2.17096e-09,610.91,2.43466e-08,1.70602e-07,2.07797e-07,5.79007e-08,2.55268e-09,2.25246e-09,2.99986e-09,1.58353e-08,2.0673e-09,4.65882e-09,2.53833e-06,6.29095e-08,1783479509584_file4092_500_deg.csv,500
00:51:27,3087082,2.79734e-09,622.8535,2.36962e-08,1.65872e-07,2.02314e-07,5.85309e-08,2.71568e-09,2.74301e-09,3.55036e-09,1.75385e-08,2.34297e-09,1.13472e-09,2.54371e-06,6.50146e-08,1783479509584_file4092_500_deg.csv,500
00:52:27,3147702,3.95926e-09,634.3376,2.34725e-08,1.63937e-07,1.99949e-07,5.90738e-08,2.79381e-09,2.92794e-09,3.7721e-09,1.84604e-08,2.46094e-09,4.05693e-10,2.54303e-06,6.4534e-08,1783479509584_file4092_500_deg.csv,500
00:53:28,3208322,5.26069e-09,645.8218,2.33335e-08,1.62754e-07,1.98444e-07,5.96045e-08,2.87516e-09,3.00756e-09,3.84345e-09,1.92491e-08,2.51448e-09,3.97889e-10,2.53699e-06,7.34062e-08,1783479509584_file4092_500_deg.csv,500
00:54:31,3271152,9.38549e-09,657.5684,2.1461e-08,1.48994e-07,1.83394e-07,5.95677e-08,1.44079e-09,8.09721e-10,8.30457e-10,3.16862e-08,8.66313e-10,3.86182e-10,2.45368e-06,1.36309e-07,1783479509584_file4092_500_deg.csv,500
00:55:32,3332293,1.12898e-08,669.5119,9.51911e-09,6.47148e-08,9.10523e-08,5.95125e-08,2.65844e-10,1.92682e-10,2.05184e-10,8.36033e-08,5.32778e-10,3.91288e-10,2.37506e-06,1.02662e-07,1783479509584_file4092_500_deg.csv,500
00:56:30,3390820,1.07593e-07,680.7336,5.5457e-09,3.52175e-08,5.34274e-08,6.15053e-08,3.46903e-10,-4.02049e-12,1.62217e-11,1.07604e-07,5.37435e-10,3.79915e-10,2.32939e-06,8.19934e-08,1783479509584_file4092_500_deg.csv,500
00:57:26,3446860,3.16802e-07,691.6927,3.41863e-09,1.75009e-08,3.10875e-08,6.2231e-08,1.62121e-10,-4.29999e-14,5.11699e-12,1.55552e-07,5.4004e-10,3.82839e-10,2.31527e-06,7.0624e-08,1783479509584_file4092_500_deg.csv,500
00:58:27,3507480,3.35076e-07,702.7175,2.99091e-09,1.44184e-08,2.64255e-08,6.22841e-08,1.43817e-10,3.73024e-12,6.38549e-12,1.64044e-07,6.04319e-10,3.5978e-10,2.31998e-06,4.9165e-08,1783479509584_file4092_500_deg.csv,500
00:59:28,3568100,3.49911e-07,703.8331,3.66771e-09,1.91652e-08,2.95665e-08,6.27483e-08,2.46668e-10,-3.54749e-13,-2.17149e-12,1.75547e-07,6.27918e-10,3.56146e-10,2.32065e-06,2.87971e-08,1783479509584_file4092_500_deg.csv,500
01:00:28,3628718,3.74099e-07,704.4893,4.09348e-09,2.16228e-08,3.05367e-08,6.33287e-08,5.77011e-10,1.11692e-11,2.59719e-11,1.82104e-07,6.47934e-10,3.66219e-10,2.3099e-06,1.95024e-08,1783479509584_file4092_500_deg.csv,500
01:01:29,3689338,3.91084e-07,704.4237,4.18969e-09,2.23089e-08,3.0362e-08,6.33912e-08,1.84783e-10,1.06424e-11,4.77299e-12,1.79954e-07,6.36269e-10,3.48514e-10,2.30184e-06,1.81257e-08,1783479509584_file4092_500_deg.csv,500
01:02:29,3749957,4.02264e-07,704.2925,4.16453e-09,2.23397e-08,3.03203e-08,6.36264e-08,3.13781e-11,-1.18249e-12,9.81473e-12,1.78019e-07,6.33175e-10,3.45708e-10,2.29646e-06,1.73727e-08,1783479509584_file4092_500_deg.csv,500
01:03:30,3810578,4.07854e-07,704.0956,4.03349e-09,2.18493e-08,2.9557e-08,6.35955e-08,-3.53295e-10,8.08398e-12,1.34052e-11,1.77589e-07,6.20294e-10,3.35324e-10,2.29243e-06,1.58454e-08,1783479509584_file4092_500_deg.csv,500
01:04:30,3870157,4.08714e-07,703.8988,4.01331e-09,2.16155e-08,2.92171e-08,6.3699e-08,5.50573e-10,1.67592e-11,1.37062e-11,1.78342e-07,6.06197e-10,3.55362e-10,2.29579e-06,1.45159e-08,1783479509584_file4092_500_deg.csv,500
01:05:30,3930777,4.07961e-07,703.7019,4.02598e-09,2.15066e-08,2.90053e-08,6.39094e-08,-3.63465e-10,8.10548e-12,2.59719e-11,1.78127e-07,6.14548e-10,3.36119e-10,2.28906e-06,1.378e-08,1783479509584_file4092_500_deg.csv,500
01:06:31,3991397,4.07316e-07,703.3081,3.96096e-09,2.12493e-08,2.85868e-08,6.41008e-08,1.46142e-10,8.44948e-12,1.51467e-11,1.78127e-07,6.1368e-10,3.39409e-10,2.28907e-06,1.33098e-08,1783479509584_file4092_500_deg.csv,500
01:07:32,4052017,4.06456e-07,702.7175,3.95619e-09,2.1e-08,2.82677e-08,6.41512e-08,1.90013e-10,2.44669e-11,1.00727e-11,1.76514e-07,6.01446e-10,3.4373e-10,2.28772e-06,1.29107e-08,1783479509584_file4092_500_deg.csv,500
01:08:32,4112637,4.05381e-07,702.455,3.88166e-09,2.06486e-08,2.78135e-08,6.42646e-08,1.72e-10,4.28924e-12,2.17042e-11,1.75224e-07,5.96442e-10,3.44816e-10,2.28571e-06,1.28871e-08,1783479509584_file4092_500_deg.csv,500
01:09:33,4173257,4.04414e-07,702.3894,3.82962e-09,2.03356e-08,2.73828e-08,6.43508e-08,2.77754e-10,1.60604e-11,2.19837e-11,1.74042e-07,5.86592e-10,3.34754e-10,2.28437e-06,1.30934e-08,1783479509584_file4092_500_deg.csv,500
01:10:33,4233877,4.03984e-07,702.3894,3.78285e-09,1.99734e-08,2.69676e-08,6.43963e-08,6.82768e-11,9.12673e-12,1.98767e-11,1.73074e-07,5.8757e-10,3.28626e-10,2.28302e-06,1.34804e-08,1783479509584_file4092_500_deg.csv,500
01:11:34,4294497,4.03339e-07,702.2581,3.6804e-09,1.95414e-08,2.65861e-08,6.4399e-08,1.91466e-10,1.55767e-11,3.57974e-12,1.71139e-07,5.87349e-10,3.23606e-10,2.28437e-06,1.40233e-08,1783479509584_file4092_500_deg.csv,500
01:12:35,4355117,4.02264e-07,701.93,3.70955e-09,1.9452e-08,2.64873e-08,6.46255e-08,2.44344e-10,8.27748e-12,1.21367e-11,1.69742e-07,5.70443e-10,3.22671e-10,2.28236e-06,1.44863e-08,1783479509584_file4092_500_deg.csv,500
01:13:35,4415736,4.01189e-07,701.8644,3.67271e-09,1.94372e-08,2.64926e-08,6.47344e-08,-3.47776e-10,1.39964e-11,9.34173e-12,1.68774e-07,5.70869e-10,3.22875e-10,2.2763e-06,1.50815e-08,1783479509584_file4092_500_deg.csv,500
01:14:36,4476355,3.99791e-07,701.6019,3.66585e-09,1.95494e-08,2.66566e-08,6.47566e-08,3.87578e-10,6.65423e-12,1.53294e-11,1.67269e-07,5.70411e-10,3.30916e-10,2.27227e-06,1.56499e-08,1783479509584_file4092_500_deg.csv,500
01:15:36,4536975,3.99469e-07,701.6019,3.71165e-09,1.97188e-08,2.69037e-08,6.45005e-08,6.13619e-10,8.43873e-12,3.17877e-11,1.65119e-07,5.60135e-10,3.24144e-10,2.27496e-06,1.62076e-08,1783479509584_file4092_500_deg.csv,500
01:16:37,4597595,3.97641e-07,701.0769,3.7421e-09,2.01165e-08,2.74527e-08,6.46416e-08,1.48756e-10,6.26724e-12,1.75439e-11,1.63292e-07,5.64239e-10,3.35657e-10,2.28302e-06,1.66436e-08,1783479509584_file4092_500_deg.csv,500
01:17:38,4658215,3.96674e-07,701.1425,3.81655e-09,2.03893e-08,2.77523e-08,6.4893e-08,1.04594e-10,2.50474e-11,5.00949e-12,1.61787e-07,5.51863e-10,3.17672e-10,2.27161e-06,1.70777e-08,1783479509584_file4092_500_deg.csv,500
01:18:38,4718835,3.96136e-07,701.0769,3.77886e-09,2.0351e-08,2.78478e-08,6.51798e-08,4.37843e-10,5.13849e-12,2.72619e-11,1.62109e-07,5.39504e-10,3.14533e-10,2.2669e-06,1.76917e-08,1783479509584_file4092_500_deg.csv,500
01:19:39,4779455,3.96136e-07,701.2082,3.73953e-09,2.01252e-08,2.7614e-08,6.50435e-08,-1.01979e-10,1.25667e-11,2.25642e-11,1.60604e-07,5.0457e-10,3.26992e-10,2.26018e-06,1.77904e-08,1783479509584_file4092_500_deg.csv,500
01:20:40,4840073,3.95061e-07,701.2738,3.79273e-09,2.03443e-08,2.79116e-08,6.52604e-08,2.99254e-11,2.03927e-11,3.29594e-11,1.58454e-07,5.12004e-10,3.08137e-10,2.25279e-06,1.81627e-08,1783479509584_file4092_500_deg.csv,500
01:21:40,4900693,3.94309e-07,701.2738,3.74463e-09,2.01656e-08,2.77046e-08,6.58456e-08,1.06047e-10,2.89712e-11,5.15999e-12,1.57594e-07,5.30253e-10,3.152e-10,2.24742e-06,1.86975e-08,1783479509584_file4092_500_deg.csv,500
01:22:41,4961313,3.94201e-07,701.0769,3.7736e-09,2.02488e-08,2.77967e-08,6.59416e-08,3.97457e-10,1.14917e-11,1.25129e-11,1.57379e-07,5.15145e-10,3.1706e-10,2.25413e-06,1.89535e-08,1783479509584_file4092_500_deg.csv,500
01:23:41,5021933,3.92374e-07,700.4207,3.79732e-09,2.03531e-08,2.80392e-08,6.56017e-08,2.76592e-10,1.28999e-12,1.45017e-11,1.57057e-07,5.35683e-10,2.97667e-10,2.22456e-06,2.32112e-08,1783479509584_file4092_500_deg.csv,500
01:24:42,5082553,4.14304e-07,700.8144,3.55239e-09,1.78402e-08,2.54782e-08,5.78389e-08,5.14254e-11,1.65657e-11,1.76299e-11,1.73074e-07,5.66417e-10,2.97409e-10,2.22726e-06,2.1846e-08,1783479509584_file4092_500_deg.csv,500
01:25:39,5139922,4.05274e-07,700.6832,3.55152e-09,1.82803e-08,2.56582e-08,4.48697e-08,-2.18776e-10,1.49532e-11,1.64582e-11,1.65657e-07,5.50774e-10,2.81026e-10,2.22524e-06,2.151e-08,1783479509584_file4092_500_deg.csv,500
01:26:40,5200542,4.03016e-07,700.9457,3.60501e-09,1.90987e-08,2.64873e-08,3.73481e-08,-1.76648e-10,-2.87024e-12,1.83609e-11,1.63829e-07,5.1341e-10,2.42562e-10,2.24607e-06,2.20045e-08,1783479509584_file4092_500_deg.csv,500
01:27:41,5261163,4.03984e-07,701.0113,3.64632e-09,1.90717e-08,2.65369e-08,3.29923e-08,3.56781e-10,-1.45124e-12,2.25212e-11,1.63507e-07,5.32336e-10,2.62665e-10,2.24674e-06,2.24056e-08,1783479509584_file4092_500_deg.csv,500
01:28:41,5321782,4.04414e-07,701.0113,3.60796e-09,1.911e-08,2.65249e-08,3.01826e-08,-2.02216e-10,1.35127e-11,8.24523e-12,1.63077e-07,5.35178e-10,2.3967e-10,2.25547e-06,2.29451e-08,1783479509584_file4092_500_deg.csv,500
01:29:42,5382403,4.06349e-07,701.2082,3.60517e-09,1.89797e-08,2.63798e-08,2.82275e-08,-2.40858e-10,2.20052e-11,1.81244e-11,1.62969e-07,5.10442e-10,2.63116e-10,2.26152e-06,2.33892e-08,1783479509584_file4092_500_deg.csv,500
01:30:43,5443022,4.06886e-07,700.88,3.62369e-09,1.89958e-08,2.64388e-08,2.69267e-08,1.65608e-10,6.81548e-12,2.28544e-11,1.63184e-07,5.35872e-10,2.32102e-10,2.26018e-06,2.38656e-08,1783479509584_file4092_500_deg.csv,500
01:31:43,5503642,4.08069e-07,700.8144,3.57348e-09,1.89824e-08,2.63723e-08,2.59685e-08,2.51026e-10,1.59314e-11,9.90073e-12,1.63507e-07,5.26385e-10,2.38692e-10,2.27429e-06,2.41122e-08,1783479509584_file4092_500_deg.csv,500
01:32:41,5561011,4.09144e-07,700.88,3.61023e-09,1.91692e-08,2.6625e-08,2.52994e-08,2.29817e-10,7.40673e-12,3.94846e-11,1.62862e-07,5.27617e-10,2.36854e-10,2.2763e-06,2.43513e-08,1783479509584_file4092_500_deg.csv,500
01:33:41,5621630,4.09466e-07,700.6832,3.61383e-09,1.93835e-08,2.684e-08,2.47665e-08,-4.56146e-11,8.83648e-12,8.79348e-12,1.62324e-07,5.31831e-10,2.43487e-10,2.27563e-06,2.47445e-08,1783479509584_file4092_500_deg.csv,500
01:34:42,5682250,4.10864e-07,700.7488,3.61553e-09,1.92109e-08,2.66572e-08,2.43144e-08,4.50046e-10,2.17257e-11,2.89174e-12,1.62109e-07,5.24476e-10,2.42422e-10,2.28571e-06,2.49345e-08,1783479509584_file4092_500_deg.csv,500
01:35:42,5742850,4.10649e-07,700.0269,3.65989e-09,1.95905e-08,2.71369e-08,2.39623e-08,-7.29254e-11,2.13387e-11,2.37252e-11,1.61787e-07,5.18162e-10,2.35198e-10,2.29041e-06,2.5247e-08,1783479509584_file4092_500_deg.csv,500
01:36:43,5803448,4.11079e-07,700.4863,3.67873e-09,1.95804e-08,2.71955e-08,2.36855e-08,2.46959e-11,2.12742e-11,1.04382e-11,1.61142e-07,5.10189e-10,2.3364e-10,2.2978e-06,2.56273e-08,1783479509584_file4092_500_deg.csv,500
01:37:44,5864068,4.11724e-07,700.7488,3.64961e-09,1.95306e-08,2.71538e-08,2.34927e-08,2.1006e-10,3.80011e-11,5.89099e-12,1.62002e-07,5.25833e-10,2.40563e-10,2.30184e-06,2.60042e-08,1783479509584_file4092_500_deg.csv,500
01:38:41,5921437,4.12584e-07,700.8144,3.60276e-09,1.93768e-08,2.70449e-08,2.3351e-08,-5.81078e-11,1.24484e-11,1.64474e-11,1.61894e-07,5.28421e-10,2.33887e-10,2.30654e-06,2.63643e-08,1783479509584_file4092_500_deg.csv,500
01:39:42,5982057,4.12476e-07,700.9457,3.63309e-09,1.94494e-08,2.7131e-08,2.3222e-08,2.35047e-10,3.14974e-11,1.65119e-11,1.61572e-07,5.34609e-10,2.44336e-10,2.30788e-06,2.66914e-08,1783479509584_file4092_500_deg.csv,500
01:40:42,6042679,4.12906e-07,700.8144,3.62345e-09,1.94286e-08,2.71417e-08,2.30721e-08,4.93627e-10,2.62837e-11,2.53592e-11,1.61357e-07,5.13978e-10,2.34177e-10,2.31527e-06,2.69805e-08,1783479509584_file4092_500_deg.csv,500
01:41:43,6103297,4.13336e-07,700.552,3.61399e-09,1.94749e-08,2.728e-08,2.30203e-08,1.27838e-10,1.84792e-11,2.09947e-11,1.61464e-07,4.9925e-10,2.26308e-10,2.31461e-06,2.72115e-08,1783479509584_file4092_500_deg.csv,500
01:42:43,6163917,4.13229e-07,700.6832,3.614e-09,1.96073e-08,2.73439e-08,2.29814e-08,-2.87632e-11,1.19862e-11,1.05672e-11,1.60927e-07,5.06464e-10,2.35037e-10,2.32468e-06,2.73775e-08,1783479509584_file4092_500_deg.csv,500
01:43:43,6223497,4.13766e-07,699.1082,3.63411e-09,1.95038e-08,2.7276e-08,2.2945e-08,2.35337e-10,1.67269e-11,2.80467e-11,1.60497e-07,4.93803e-10,2.36424e-10,2.3193e-06,2.75253e-08,1783479509584_file4092_500_deg.csv,500
01:44:44,6284117,4.13981e-07,700.7488,3.6196e-09,1.95763e-08,2.74224e-08,2.28874e-08,1.78682e-10,1.95542e-11,1.56197e-11,1.60067e-07,5.20449e-10,2.30232e-10,2.31864e-06,2.76315e-08,1783479509584_file4092_500_deg.csv,500
01:45:44,6344737,4.13874e-07,700.3551,3.65354e-09,1.9618e-08,2.74763e-08,2.2755e-08,2.02797e-10,1.69957e-11,2.01347e-11,1.59422e-07,5.07537e-10,2.32866e-10,2.31662e-06,2.78639e-08,1783479509584_file4092_500_deg.csv,500
01:46:45,6405357,4.14089e-07,700.4863,3.60355e-09,1.96933e-08,2.75414e-08,2.27194e-08,3.45741e-11,3.01967e-11,1.62432e-11,1.59422e-07,5.08485e-10,2.33124e-10,2.32132e-06,2.82065e-08,1783479509584_file4092_500_deg.csv,500
01:47:44,6464936,4.14304e-07,700.0269,3.65404e-09,1.95354e-08,2.74649e-08,2.27423e-08,3.83222e-10,3.11534e-11,1.52864e-11,1.59637e-07,5.08137e-10,2.35467e-10,2.32131e-06,2.85552e-08,1783479509584_file4092_500_deg.csv,500
01:48:45,6525555,4.14626e-07,700.2895,3.56189e-09,1.94883e-08,2.73331e-08,2.26838e-08,1.62993e-10,3.31851e-11,1.98874e-11,1.59422e-07,4.95903e-10,2.345e-10,2.31998e-06,2.87044e-08,1783479509584_file4092_500_deg.csv,500
01:49:45,6585135,4.14949e-07,698.3864,3.62892e-09,1.94353e-08,2.73338e-08,2.27355e-08,1.70838e-10,1.72214e-11,2.61654e-11,1.59529e-07,5.08438e-10,2.36693e-10,2.32131e-06,2.87663e-08,1783479509584_file4092_500_deg.csv,500
01:50:45,6645755,4.14734e-07,700.2895,3.64922e-09,1.95314e-08,2.74594e-08,2.26616e-08,1.11277e-10,2.09409e-11,2.34242e-11,1.58884e-07,5.11658e-10,2.35478e-10,2.3146e-06,2.89838e-08,1783479509584_file4092_500_deg.csv,500
01:51:43,6703125,4.15271e-07,700.6832,3.63253e-09,1.95716e-08,2.75582e-08,2.2714e-08,-1.01979e-10,9.16973e-12,3.08954e-11,1.58239e-07,5.14373e-10,2.33038e-10,2.31527e-06,2.89255e-08,1783479509584_file4092_500_deg.csv,500
01:52:43,6763745,4.14519e-07,700.6832,3.66016e-09,1.97309e-08,2.77295e-08,2.26871e-08,-2.27783e-10,2.43917e-11,3.24864e-11,1.58454e-07,5.01429e-10,2.28781e-10,2.32468e-06,2.9248e-08,1783479509584_file4092_500_deg.csv,500
01:53:44,6824365,4.14411e-07,700.552,3.62931e-09,1.96059e-08,2.76489e-08,2.26663e-08,1.60378e-10,1.62647e-11,1.96294e-11,1.57809e-07,5.14783e-10,2.335e-10,2.32803e-06,2.93131e-08,1783479509584_file4092_500_deg.csv,500
01:54:44,6884985,4.14411e-07,700.3551,3.64707e-09,1.97946e-08,2.78424e-08,2.26824e-08,1.56892e-11,1.82749e-11,2.16289e-11,1.57702e-07,5.22739e-10,2.35134e-10,2.33073e-06,2.97357e-08,1783479509584_file4092_500_deg.csv,500
01:55:45,6945605,4.14304e-07,700.6176,3.65533e-09,1.96745e-08,2.77006e-08,2.2591e-08,3.39641e-10,5.86949e-12,1.56412e-11,1.57917e-07,4.93725e-10,2.25695e-10,2.33543e-06,3.0071e-08,1783479509584_file4092_500_deg.csv,500
01:56:46,7006225,4.14626e-07,700.4863,3.62822e-09,1.96852e-08,2.76966e-08,2.26636e-08,2.33304e-10,6.42849e-12,2.62514e-11,1.57594e-07,5.26464e-10,2.15494e-10,2.34215e-06,3.0368e-08,1783479509584_file4092_500_deg.csv,500
01:57:46,7066845,4.14089e-07,700.4863,3.60869e-09,1.96381e-08,2.77564e-08,2.26784e-08,-1.51952e-10,1.88339e-11,2.58107e-11,1.57809e-07,5.03244e-10,2.15934e-10,2.3455e-06,3.00449e-08,1783479509584_file4092_500_deg.csv,500
01:58:47,7127465,4.10864e-07,695.302,3.98937e-09,2.24426e-08,3.12979e-08,2.27616e-08,-2.27493e-10,1.42222e-11,1.98767e-11,1.54477e-07,4.85564e-10,2.17192e-10,2.3576e-06,3.15229e-08,1783479509584_file4092_500_deg.csv,500
00:00:00,532,4.3e-09,30.6653,3.87e-08,2.54e-07,3.05e-07,4.3e-09,-1.16e-07,4.3e-09,0.0,8.6e-09,-6.31e-09,1.03e-07,2.78e-06,7.47e-11,1783479509584_file4102_600_deg.csv,600
00:00:19,19362,0.0,30.7966,4.1e-08,2.46e-07,3.1e-07,6.04e-09,7.26e-08,-2.01e-09,-3.36e-09,8.06e-09,1.97e-09,1.14e-07,2.78e-06,7.38e-11,1783479509584_file4102_600_deg.csv,600
00:00:33,33127,6.45e-10,30.7966,3.44e-08,2.38e-07,2.9e-07,8.06e-09,-2.91e-09,1.07e-10,0.0,4.51e-09,0.0,1.03e-07,2.78e-06,8.94e-11,1783479509584_file4102_600_deg.csv,600
00:00:52,52472,6.41e-10,31.9122,3.43e-08,2.38e-07,2.91e-07,8.65e-09,-8.54e-10,-1.55e-11,4.44e-11,4.49e-09,2.46e-11,1.03e-07,2.78e-06,1.2e-10,1783479509584_file4102_600_deg.csv,600
00:01:17,77139,6.82e-10,35.9808,3.43e-08,2.38e-07,2.9e-07,8.7e-09,-5.66e-10,3.71e-11,1.46e-11,4.57e-09,5.84e-11,1.02e-07,2.8e-06,8.98e-11,1783479509584_file4102_600_deg.csv,600
00:01:58,118317,6.68e-10,45.365,3.42e-08,2.39e-07,2.91e-07,8.63e-09,-2.9e-10,1.2e-11,2.39e-11,4.6e-09,5.4e-11,1.03e-07,2.81e-06,1.58e-10,1783479509584_file4102_600_deg.csv,600
00:03:09,189267,6.8e-10,59.4085,3.41e-08,2.39e-07,2.91e-07,8.49e-09,6.36e-11,2.43e-12,1.8e-11,4.62e-09,7.96e-11,1.02e-07,2.83e-06,3.94e-10,1783479509584_file4102_600_deg.csv,600
00:04:20,260217,6.53e-10,74.3051,3.41e-08,2.39e-07,2.91e-07,8.45e-09,1.6e-10,8.49e-12,1.25e-11,4.66e-09,5.95e-11,1.03e-07,2.84e-06,6.31e-10,1783479509584_file4102_600_deg.csv,600
00:05:31,331167,6.76e-10,88.9392,3.41e-08,2.4e-07,2.93e-07,8.55e-09,2.77e-10,2.29e-11,3.12e-11,4.74e-09,4.87e-11,1.04e-07,2.87e-06,7.29e-10,1783479509584_file4102_600_deg.csv,600
00:06:38,398847,6.72e-10,102.6545,3.42e-08,2.41e-07,2.94e-07,8.85e-09,4.45e-11,1.4e-11,2.06e-11,4.76e-09,3.9e-11,1.04e-07,2.9e-06,8.33e-10,1783479509584_file4102_600_deg.csv,600
00:07:49,469797,6.64e-10,117.3542,3.43e-08,2.43e-07,2.96e-07,9.44e-09,1.45e-10,1.77e-11,3.23e-11,4.83e-09,6.96e-11,1.05e-07,2.93e-06,9.08e-10,1783479509584_file4102_600_deg.csv,600
00:08:57,537497,6.69e-10,130.7414,3.44e-08,2.43e-07,2.97e-07,1.01e-08,1.67e-10,4.12e-12,2.16e-11,4.86e-09,5.49e-11,1.06e-07,2.95e-06,9.66e-10,1783479509584_file4102_600_deg.csv,600
00:10:08,608447,6.77e-10,144.5224,3.44e-08,2.44e-07,2.98e-07,1.09e-08,6.15e-10,8.89e-12,2.3e-11,4.87e-09,5.49e-11,1.06e-07,2.94e-06,1.05e-09,1783479509584_file4102_600_deg.csv,600
00:11:19,679397,6.61e-10,158.2378,3.44e-08,2.44e-07,2.98e-07,1.16e-08,2.48e-10,5.88e-12,3.39e-11,4.89e-09,6.62e-11,1.06e-07,2.94e-06,1.24e-09,1783479509584_file4102_600_deg.csv,600
00:12:28,748247,6.59e-10,171.2313,3.44e-08,2.44e-07,2.98e-07,1.2e-08,5.73e-10,3.61e-12,1.25e-11,4.94e-09,8.3e-11,1.05e-07,2.94e-06,1.61e-09,1783479509584_file4102_600_deg.csv,600
00:13:37,817099,6.8e-10,184.6841,3.43e-08,2.44e-07,2.97e-07,1.23e-08,-3.89e-10,2.92e-12,3.35e-11,5e-09,9.45e-11,1.05e-07,2.95e-06,2.1e-09,1783479509584_file4102_600_deg.csv,600
00:14:45,885949,6.61e-10,197.9401,3.42e-08,2.43e-07,2.97e-07,1.24e-08,2.91e-11,3.35e-11,2.04e-11,5.08e-09,1.18e-10,1.04e-07,2.94e-06,2.71e-09,1783479509584_file4102_600_deg.csv,600
00:15:54,954799,6.73e-10,211.1961,3.41e-08,2.43e-07,2.96e-07,1.24e-08,3.9e-10,-1.04e-11,2e-11,5.07e-09,1.21e-10,1.03e-07,2.92e-06,3.15e-09,1783479509584_file4102_600_deg.csv,600
00:17:03,1023649,6.75e-10,224.1896,3.41e-08,2.42e-07,2.96e-07,1.25e-08,1.02e-11,2.48e-12,2.51e-11,5.12e-09,1.22e-10,1.02e-07,2.92e-06,3.63e-09,1783479509584_file4102_600_deg.csv,600
00:18:12,1092479,6.79e-10,237.9706,3.41e-08,2.42e-07,2.95e-07,1.25e-08,-9.53e-11,6.78e-12,1.82e-11,5.14e-09,1.41e-10,1.02e-07,2.92e-06,4.09e-09,1783479509584_file4102_600_deg.csv,600
00:19:21,1161329,6.87e-10,251.4234,3.4e-08,2.42e-07,2.95e-07,1.25e-08,-1.34e-11,3.27e-12,1.98e-11,5.2e-09,1.53e-10,1.01e-07,2.9e-06,4.52e-09,1783479509584_file4102_600_deg.csv,600
00:20:30,1230179,6.87e-10,264.6794,3.39e-08,2.42e-07,2.94e-07,1.25e-08,3.5e-10,5.37e-12,1.17e-11,5.17e-09,1.83e-10,1.01e-07,2.88e-06,4.85e-09,1783479509584_file4102_600_deg.csv,600
00:21:39,1299029,6.75e-10,277.5416,3.38e-08,2.4e-07,2.92e-07,1.25e-08,-2.66e-10,-3.09e-12,1.14e-11,5.21e-09,1.64e-10,9.94e-08,2.84e-06,5.41e-09,1783479509584_file4102_600_deg.csv,600
00:22:47,1367750,6.88e-10,291.257,3.36e-08,2.39e-07,2.91e-07,1.24e-08,9.91e-11,2.13e-11,5.54e-12,5.25e-09,1.45e-10,9.75e-08,2.82e-06,6.18e-09,1783479509584_file4102_600_deg.csv,600
00:23:49,1429971,6.77e-10,303.463,3.35e-08,2.38e-07,2.89e-07,1.23e-08,4.14e-10,3.22e-11,3.48e-11,5.26e-09,1.35e-10,9.76e-08,2.8e-06,6.27e-09,1783479509584_file4102_600_deg.csv,600
00:24:52,1492192,6.85e-10,315.3409,3.35e-08,2.38e-07,2.89e-07,1.23e-08,-2.35e-10,-3.13e-12,3.08e-11,5.19e-09,8.77e-11,9.91e-08,2.8e-06,4.61e-09,1783479509584_file4102_600_deg.csv,600
00:25:54,1554391,6.86e-10,327.5469,3.35e-08,2.38e-07,2.9e-07,1.22e-08,-1.83e-11,7.77e-12,3.32e-11,5.1e-09,6.92e-11,1.01e-07,2.79e-06,3.1e-09,1783479509584_file4102_600_deg.csv,600
00:26:56,1616611,6.87e-10,339.0967,3.35e-08,2.38e-07,2.9e-07,1.21e-08,1.5e-10,6.29e-12,1.95e-11,5.11e-09,7.7e-11,1e-07,2.8e-06,2.77e-09,1783479509584_file4102_600_deg.csv,600
00:27:55,1675581,6.7e-10,350.7777,3.35e-08,2.38e-07,2.9e-07,1.19e-08,2.87e-10,9.04e-12,2.12e-11,5.08e-09,7.35e-11,9.93e-08,2.79e-06,2.89e-09,1783479509584_file4102_600_deg.csv,600
00:28:57,1737801,6.64e-10,362.8524,3.34e-08,2.38e-07,2.89e-07,1.15e-08,-2.91e-12,1.31e-11,1.83e-11,5.14e-09,1.04e-10,9.88e-08,2.79e-06,3.34e-09,1783479509584_file4102_600_deg.csv,600
00:30:00,1800000,6.83e-10,375.0584,3.34e-08,2.38e-07,2.89e-07,1.12e-08,2.59e-11,1.31e-11,1.95e-11,5.24e-09,1.45e-10,9.85e-08,2.79e-06,3.97e-09,1783479509584_file4102_600_deg.csv,600
00:30:58,1858970,6.88e-10,386.2801,3.34e-08,2.38e-07,2.89e-07,1.09e-08,5.67e-11,5.01e-12,2.06e-11,5.33e-09,1.76e-10,9.77e-08,2.79e-06,4.86e-09,1783479509584_file4102_600_deg.csv,600
00:31:56,1916899,7.05e-10,397.5017,3.32e-08,2.38e-07,2.89e-07,1.06e-08,-4.57e-10,1.04e-11,1.26e-12,5.49e-09,2.52e-10,9.65e-08,2.79e-06,6.16e-09,1783479509584_file4102_600_deg.csv,600
00:32:59,1979119,7.12e-10,409.5765,3.32e-08,2.37e-07,2.88e-07,1.04e-08,4.05e-10,-2.92e-12,2.36e-11,5.73e-09,3.67e-10,9.52e-08,2.79e-06,7.99e-09,1783479509584_file4102_600_deg.csv,600
00:34:01,2041339,7.39e-10,421.7825,3.32e-08,2.37e-07,2.88e-07,1.01e-08,-1.84e-10,9.35e-13,1.22e-11,6.02e-09,5.62e-10,9.26e-08,2.79e-06,1.05e-08,1783479509584_file4102_600_deg.csv,600
00:35:03,2103559,7.64e-10,434.1198,3.31e-08,2.37e-07,2.88e-07,1e-08,-3.14e-11,1.8e-11,2.46e-11,6.42e-09,7.93e-10,8.99e-08,2.8e-06,1.38e-08,1783479509584_file4102_600_deg.csv,600
00:36:06,2166799,8.16e-10,445.8664,3.3e-08,2.36e-07,2.87e-07,9.85e-09,6.6e-11,1.9e-11,2.33e-11,6.86e-09,1.11e-09,8.6e-08,2.79e-06,1.76e-08,1783479509584_file4102_600_deg.csv,600
00:37:07,2227419,8.59e-10,457.2849,3.29e-08,2.35e-07,2.86e-07,9.91e-09,1.19e-10,1.58e-11,1.9e-11,7.35e-09,1.47e-09,8.11e-08,2.79e-06,2.23e-08,1783479509584_file4102_600_deg.csv,600
00:38:08,2288039,9.25e-10,469.0316,3.27e-08,2.34e-07,2.85e-07,9.9e-09,-4.66e-10,1.46e-11,1.73e-11,7.97e-09,1.98e-09,7.53e-08,2.79e-06,2.76e-08,1783479509584_file4102_600_deg.csv,600
00:39:08,2348659,1.03e-09,481.3688,3.25e-08,2.33e-07,2.84e-07,1.02e-08,-1.29e-10,1.37e-11,2.38e-11,8.64e-09,2.58e-09,6.76e-08,2.79e-06,3.35e-08,1783479509584_file4102_600_deg.csv,600
00:40:09,2409258,1.16e-09,492.9842,3.22e-08,2.31e-07,2.81e-07,1.05e-08,-7.03e-11,3.45e-12,1.8e-11,9.16e-09,2.93e-09,5.95e-08,2.8e-06,3.85e-08,1783479509584_file4102_600_deg.csv,600
00:41:09,2469878,1.33e-09,504.7309,3.17e-08,2.27e-07,2.76e-07,1.15e-08,8.8e-11,9.81e-12,1.38e-11,9.64e-09,3.22e-09,4.95e-08,2.79e-06,4.41e-08,1783479509584_file4102_600_deg.csv,600
00:42:10,2530498,1.54e-09,516.2806,3.09e-08,2.21e-07,2.69e-07,1.35e-08,-8.43e-12,2.14e-11,2.48e-11,1e-08,3.66e-09,3.7e-08,2.81e-06,4.97e-08,1783479509584_file4102_600_deg.csv,600
00:43:11,2591118,1.68e-09,527.896,2.99e-08,2.13e-07,2.6e-07,1.79e-08,3.28e-10,4.16e-11,4.06e-11,1.03e-08,4.81e-09,2.4e-08,2.82e-06,5.55e-08,1783479509584_file4102_600_deg.csv,600
00:44:11,2651738,1.74e-09,539.7083,2.88e-08,2.05e-07,2.5e-07,2.7e-08,2.93e-10,4.4e-11,1.02e-10,1.06e-08,6.68e-09,1.39e-08,2.82e-06,6.15e-08,1783479509584_file4102_600_deg.csv,600
00:45:12,2712358,1.86e-09,551.3237,2.78e-08,1.98e-07,2.41e-07,3.98e-08,5.87e-10,1.13e-10,1.66e-10,1.08e-08,6.16e-09,7.11e-09,2.82e-06,6.48e-08,1783479509584_file4102_600_deg.csv,600
00:46:07,2767627,1.98e-09,562.1516,2.72e-08,1.92e-07,2.35e-07,5.01e-08,3.73e-10,2.53e-10,3.71e-10,1.15e-08,4e-09,3.81e-09,2.78e-06,6.47e-08,1783479509584_file4102_600_deg.csv,600
00:47:08,2828246,2.04e-09,573.767,2.68e-08,1.89e-07,2.3e-07,5.79e-08,3.89e-10,4.43e-10,6.19e-10,1.2e-08,2.53e-09,2.75e-09,2.76e-06,6.38e-08,1783479509584_file4102_600_deg.csv,600
00:48:08,2888866,2.06e-09,585.6449,2.66e-08,1.87e-07,2.28e-07,6.24e-08,5e-10,6.16e-10,8.57e-10,1.24e-08,1.91e-09,2.06e-09,2.75e-06,6.28e-08,1783479509584_file4102_600_deg.csv,600
00:49:09,2949486,2.09e-09,597.3915,2.64e-08,1.85e-07,2.25e-07,6.49e-08,7.13e-10,7.46e-10,1.01e-09,1.29e-08,1.57e-09,1.02e-09,2.74e-06,6.29e-08,1783479509584_file4102_600_deg.csv,600
00:50:10,3010106,2.34e-09,609.4663,2.63e-08,1.83e-07,2.23e-07,6.65e-08,8.95e-10,8.99e-10,1.2e-09,1.36e-08,1.32e-09,4.48e-10,2.72e-06,6.35e-08,1783479509584_file4102_600_deg.csv,600
00:51:10,3070726,2.97e-09,621.1473,2.61e-08,1.82e-07,2.21e-07,6.78e-08,9e-10,1.02e-09,1.37e-09,1.46e-08,1.2e-09,4.54e-10,2.71e-06,6.4e-08,1783479509584_file4102_600_deg.csv,600
00:52:11,3131476,5e-09,632.8939,2.6e-08,1.8e-07,2.2e-07,6.87e-08,1.06e-09,1.12e-09,1.53e-09,1.67e-08,1.29e-09,4.3e-10,2.7e-06,6.54e-08,1783479509584_file4102_600_deg.csv,600
00:53:18,3198726,9.72e-09,645.6249,2.56e-08,1.77e-07,2.17e-07,6.9e-08,9.82e-10,8.74e-10,1.22e-09,1.85e-08,1.29e-09,4.31e-10,2.65e-06,6.79e-08,1783479509584_file4102_600_deg.csv,600
00:54:21,3261557,1.13e-08,657.8309,2.36e-08,1.62e-07,1.99e-07,6.97e-08,3.24e-10,6.08e-10,8.73e-10,4.12e-08,1.08e-09,4.32e-10,2.61e-06,7.71e-08,1783479509584_file4102_600_deg.csv,600
00:55:20,3320606,9.14e-08,669.4463,2e-08,1.37e-07,1.71e-07,7.05e-08,5.14e-10,1.89e-10,1.86e-10,3.58e-08,2.68e-10,4.37e-10,2.57e-06,1.85e-07,1783479509584_file4102_600_deg.csv,600
00:56:19,3379646,7.35e-08,680.6679,7.44e-09,4.68e-08,7.56e-08,6.95e-08,-1.41e-10,9.71e-12,5.59e-13,9.68e-08,4.29e-10,4.62e-10,2.45e-06,1.04e-07,1783479509584_file4102_600_deg.csv,600
00:57:17,3437666,1.08e-07,691.5615,2.45e-09,1.2e-08,2.66e-08,7.39e-08,1.99e-10,-1.03e-12,8.83e-12,1.08e-07,5.82e-10,4.25e-10,2.43e-06,5.25e-08,1783479509584_file4102_600_deg.csv,600
00:58:19,3499557,3.69e-07,702.6519,3.17e-09,1.59e-08,2.57e-08,7.47e-08,-1.28e-11,-1.17e-11,1.93e-12,1.8e-07,6.06e-10,4.09e-10,2.45e-06,1.81e-08,1783479509584_file4102_600_deg.csv,600
00:59:20,3560176,3.94e-07,704.1612,3.87e-09,2.06e-08,2.84e-08,7.5e-08,2.48e-10,1.18e-11,2.75e-11,1.75e-07,5.75e-10,4.02e-10,2.45e-06,1.36e-08,1783479509584_file4102_600_deg.csv,600
01:00:20,3620796,3.93e-07,705.1456,4.11e-09,2.22e-08,2.98e-08,7.52e-08,3.61e-10,1.62e-11,2.05e-11,1.7e-07,5.78e-10,3.92e-10,2.44e-06,1.32e-08,1783479509584_file4102_600_deg.csv,600
01:01:18,3678164,3.9e-07,705.08,4.16e-09,2.29e-08,3.06e-08,7.51e-08,1.14e-10,6.26e-12,1.93e-11,1.67e-07,5.69e-10,3.99e-10,2.44e-06,1.33e-08,1783479509584_file4102_600_deg.csv,600
01:02:18,3738784,3.86e-07,705.4081,4.23e-09,2.35e-08,3.12e-08,7.51e-08,-1.13e-10,5.56e-12,4.25e-12,1.64e-07,5.61e-10,3.93e-10,2.42e-06,1.36e-08,1783479509584_file4102_600_deg.csv,600
01:03:16,3796154,3.83e-07,704.8175,4.31e-09,2.39e-08,3.17e-08,7.5e-08,6.86e-11,5.88e-12,1.67e-11,1.6e-07,5.46e-10,3.78e-10,2.42e-06,1.39e-08,1783479509584_file4102_600_deg.csv,600
01:04:16,3856774,3.81e-07,704.6206,4.37e-09,2.43e-08,3.23e-08,7.5e-08,-1.74e-11,1.71e-11,2.63e-11,1.58e-07,5.27e-10,3.82e-10,2.41e-06,1.43e-08,1783479509584_file4102_600_deg.csv,600
01:05:17,3917394,3.78e-07,703.9644,4.4e-09,2.46e-08,3.27e-08,7.51e-08,3.2e-11,1.63e-11,5.59e-12,1.56e-07,5.38e-10,3.83e-10,2.4e-06,1.46e-08,1783479509584_file4102_600_deg.csv,600
01:06:18,3978014,3.75e-07,703.7675,4.43e-09,2.5e-08,3.3e-08,7.5e-08,-3.47e-10,7.6e-12,1.82e-11,1.54e-07,4.99e-10,3.74e-10,2.39e-06,1.52e-08,1783479509584_file4102_600_deg.csv,600
01:07:18,4038634,3.73e-07,703.4394,4.47e-09,2.51e-08,3.32e-08,7.47e-08,2.23e-10,1.25e-12,2.89e-11,1.53e-07,4.88e-10,3.71e-10,2.35e-06,1.9e-08,1783479509584_file4102_600_deg.csv,600
01:08:19,4099254,3.88e-07,703.1769,4.54e-09,2.48e-08,3.33e-08,6.48e-08,3.2e-10,-5.32e-12,1.47e-11,1.71e-07,5.27e-10,3.19e-10,2.35e-06,1.86e-08,1783479509584_file4102_600_deg.csv,600
01:09:16,4156622,3.78e-07,702.7832,4.48e-09,2.48e-08,3.29e-08,4.88e-08,4.99e-10,-1.33e-12,1.61e-11,1.62e-07,5.29e-10,3.25e-10,2.35e-06,1.85e-08,1783479509584_file4102_600_deg.csv,600
01:10:17,4217242,3.77e-07,702.5863,4.56e-09,2.54e-08,3.35e-08,3.96e-08,2.61e-10,7.59e-12,-3.38e-12,1.6e-07,5.04e-10,2.97e-10,2.36e-06,1.9e-08,1783479509584_file4102_600_deg.csv,600
01:11:17,4277841,3.76e-07,702.455,4.61e-09,2.58e-08,3.4e-08,3.44e-08,2.86e-10,-2.7e-12,2.3e-11,1.58e-07,5.02e-10,2.84e-10,2.35e-06,1.96e-08,1783479509584_file4102_600_deg.csv,600
01:12:18,4338460,3.76e-07,702.455,4.67e-09,2.6e-08,3.41e-08,3.1e-08,-1.14e-10,5.49e-12,1.45e-11,1.58e-07,5.2e-10,2.89e-10,2.36e-06,2e-08,1783479509584_file4102_600_deg.csv,600
01:13:15,4395829,3.76e-07,702.1269,4.65e-09,2.64e-08,3.44e-08,2.89e-08,4.05e-10,5.14e-12,8.04e-12,1.57e-07,5.01e-10,2.75e-10,2.36e-06,2.07e-08,1783479509584_file4102_600_deg.csv,600
01:14:16,4456449,3.77e-07,702.1925,4.71e-09,2.64e-08,3.46e-08,2.73e-08,-1.97e-10,3.84e-12,7.34e-12,1.57e-07,4.95e-10,2.74e-10,2.37e-06,2.11e-08,1783479509584_file4102_600_deg.csv,600
01:15:17,4517047,3.77e-07,702.1269,4.69e-09,2.65e-08,3.48e-08,2.61e-08,-2.56e-10,8.88e-12,1.89e-11,1.56e-07,5.04e-10,2.68e-10,2.37e-06,2.16e-08,1783479509584_file4102_600_deg.csv,600
01:16:17,4577667,3.77e-07,701.93,4.71e-09,2.66e-08,3.51e-08,2.54e-08,-1.63e-10,-8.29e-12,1.08e-11,1.55e-07,4.85e-10,2.72e-10,2.37e-06,2.19e-08,1783479509584_file4102_600_deg.csv,600
01:17:18,4638287,3.78e-07,701.93,4.75e-09,2.68e-08,3.51e-08,2.47e-08,6.19e-11,7.29e-12,8.34e-12,1.55e-07,5.04e-10,2.52e-10,2.38e-06,2.22e-08,1783479509584_file4102_600_deg.csv,600
01:18:18,4698907,3.78e-07,701.93,4.67e-09,2.68e-08,3.52e-08,2.42e-08,3.62e-10,2.96e-11,1.18e-11,1.54e-07,4.88e-10,2.72e-10,2.38e-06,2.27e-08,1783479509584_file4102_600_deg.csv,600
01:19:18,4758486,3.78e-07,702.0613,4.7e-09,2.67e-08,3.52e-08,2.39e-08,-5.37e-11,1.42e-11,-4.53e-12,1.54e-07,5.07e-10,2.51e-10,2.38e-06,2.31e-08,1783479509584_file4102_600_deg.csv,600
01:20:19,4819107,3.78e-07,701.5363,4.73e-09,2.67e-08,3.53e-08,2.36e-08,-5.4e-11,8.16e-12,1.15e-11,1.52e-07,4.92e-10,2.61e-10,2.39e-06,2.36e-08,1783479509584_file4102_600_deg.csv,600
01:21:19,4879726,3.78e-07,701.7332,4.73e-09,2.69e-08,3.55e-08,2.34e-08,2.89e-10,4.73e-12,1.64e-11,1.54e-07,4.74e-10,2.56e-10,2.39e-06,2.38e-08,1783479509584_file4102_600_deg.csv,600
01:22:20,4940346,3.79e-07,701.7332,4.77e-09,2.69e-08,3.56e-08,2.33e-08,2.35e-11,1.47e-11,2.58e-11,1.52e-07,4.88e-10,2.6e-10,2.4e-06,2.41e-08,1783479509584_file4102_600_deg.csv,600
01:23:20,5000966,3.78e-07,701.5363,4.7e-09,2.69e-08,3.55e-08,2.31e-08,2.06e-11,-6.4e-12,8.56e-12,1.52e-07,4.9e-10,2.54e-10,2.4e-06,2.46e-08,1783479509584_file4102_600_deg.csv,600
01:24:21,5061586,3.79e-07,701.8644,4.71e-09,2.68e-08,3.55e-08,2.29e-08,-1.93e-10,-5.97e-12,1.69e-11,1.51e-07,4.83e-10,2.55e-10,2.4e-06,2.5e-08,1783479509584_file4102_600_deg.csv,600
01:25:18,5118957,3.8e-07,701.4051,4.74e-09,2.69e-08,3.55e-08,2.29e-08,1.22e-10,1.01e-11,3.13e-12,1.51e-07,4.82e-10,2.64e-10,2.41e-06,2.52e-08,1783479509584_file4102_600_deg.csv,600
01:26:19,5179576,3.79e-07,701.4707,4.71e-09,2.68e-08,3.54e-08,2.28e-08,2.27e-10,1.7e-11,1.78e-11,1.5e-07,4.82e-10,2.6e-10,2.41e-06,2.55e-08,1783479509584_file4102_600_deg.csv,600
01:27:20,5240197,3.8e-07,701.4051,4.7e-09,2.68e-08,3.54e-08,2.27e-08,4.06e-10,7.33e-12,6.15e-12,1.51e-07,5e-10,2.51e-10,2.41e-06,2.6e-08,1783479509584_file4102_600_deg.csv,600
01:28:20,5300816,3.79e-07,701.7988,4.7e-09,2.66e-08,3.53e-08,2.27e-08,2.91e-11,9.86e-12,7.8e-12,1.51e-07,4.95e-10,2.6e-10,2.4e-06,2.62e-08,1783479509584_file4102_600_deg.csv,600
01:29:21,5361436,3.79e-07,701.8644,4.68e-09,2.68e-08,3.56e-08,2.26e-08,1.8e-10,1.13e-11,1.42e-11,1.5e-07,4.85e-10,2.69e-10,2.42e-06,2.63e-08,1783479509584_file4102_600_deg.csv,600
01:30:18,5418806,3.79e-07,701.4051,4.68e-09,2.68e-08,3.55e-08,2.26e-08,1.6e-10,1.7e-11,4.21e-11,1.5e-07,4.85e-10,2.61e-10,2.41e-06,2.65e-08,1783479509584_file4102_600_deg.csv,600
01:31:19,5479426,3.79e-07,701.2082,4.68e-09,2.66e-08,3.54e-08,2.25e-08,-9.88e-12,2.22e-11,1.53e-11,1.49e-07,4.77e-10,2.43e-10,2.41e-06,2.66e-08,1783479509584_file4102_600_deg.csv,600
01:32:16,5536794,3.79e-07,701.4707,4.7e-09,2.67e-08,3.54e-08,2.25e-08,1.59e-10,2.57e-11,1.18e-11,1.49e-07,4.84e-10,2.55e-10,2.42e-06,2.7e-08,1783479509584_file4102_600_deg.csv,600
01:33:17,5597414,3.79e-07,701.2738,4.67e-09,2.67e-08,3.55e-08,2.25e-08,-1.39e-10,-9.87e-12,1.65e-11,1.49e-07,4.62e-10,2.5e-10,2.41e-06,2.71e-08,1783479509584_file4102_600_deg.csv,600
01:34:18,5658034,3.78e-07,701.1425,4.65e-09,2.68e-08,3.56e-08,2.25e-08,-1.42e-10,1.54e-12,2.2e-11,1.48e-07,4.83e-10,2.58e-10,2.42e-06,2.73e-08,1783479509584_file4102_600_deg.csv,600
01:35:18,5718654,3.78e-07,701.0769,4.7e-09,2.69e-08,3.57e-08,2.25e-08,4.91e-11,6.82e-12,2.75e-11,1.48e-07,4.65e-10,2.45e-10,2.42e-06,2.74e-08,1783479509584_file4102_600_deg.csv,600
01:36:19,5779273,3.77e-07,701.5363,4.71e-09,2.69e-08,3.57e-08,2.25e-08,2.32e-10,1.62e-11,2.1e-11,1.48e-07,4.58e-10,2.36e-10,2.41e-06,2.77e-08,1783479509584_file4102_600_deg.csv,600
01:37:19,5839893,3.78e-07,701.2082,4.7e-09,2.69e-08,3.58e-08,2.25e-08,1.47e-10,2.18e-11,1e-11,1.47e-07,4.56e-10,2.52e-10,2.41e-06,2.79e-08,1783479509584_file4102_600_deg.csv,600
01:38:20,5900513,3.77e-07,701.2082,4.7e-09,2.68e-08,3.58e-08,2.24e-08,-5.81e-12,1.91e-11,1.99e-11,1.47e-07,4.6e-10,2.39e-10,2.42e-06,2.82e-08,1783479509584_file4102_600_deg.csv,600
01:39:21,5961133,3.77e-07,700.9457,4.68e-09,2.69e-08,3.59e-08,2.24e-08,-5.39e-10,1.62e-11,2.14e-11,1.47e-07,4.79e-10,2.48e-10,2.42e-06,2.84e-08,1783479509584_file4102_600_deg.csv,600
01:40:21,6021752,3.77e-07,700.9457,4.69e-09,2.69e-08,3.6e-08,2.24e-08,2.58e-10,2.46e-11,1.85e-11,1.47e-07,4.8e-10,2.62e-10,2.42e-06,2.85e-08,1783479509584_file4102_600_deg.csv,600
01:41:19,6079121,3.77e-07,701.2738,4.74e-09,2.72e-08,3.62e-08,2.24e-08,1.84e-10,1.99e-11,1.89e-11,1.46e-07,4.66e-10,2.41e-10,2.42e-06,2.87e-08,1783479509584_file4102_600_deg.csv,600
01:42:19,6139741,3.75e-07,701.2738,4.73e-09,2.72e-08,3.63e-08,2.24e-08,-9.06e-11,2.12e-11,1.98e-11,1.46e-07,4.59e-10,2.54e-10,2.42e-06,2.9e-08,1783479509584_file4102_600_deg.csv,600
01:43:20,6200361,3.75e-07,701.0769,4.77e-09,2.73e-08,3.64e-08,2.23e-08,-1.17e-10,1.9e-11,2.52e-11,1.46e-07,4.47e-10,2.35e-10,2.41e-06,2.91e-08,1783479509584_file4102_600_deg.csv,600
01:44:20,6260981,3.75e-07,701.2082,4.74e-09,2.73e-08,3.64e-08,2.22e-08,-4.13e-11,1.69e-11,2.99e-11,1.45e-07,4.77e-10,2.4e-10,2.42e-06,2.93e-08,1783479509584_file4102_600_deg.csv,600
01:45:18,6318349,3.75e-07,701.3394,4.8e-09,2.75e-08,3.66e-08,2.22e-08,-7.73e-11,1.27e-11,1.71e-11,1.45e-07,4.46e-10,2.58e-10,2.41e-06,2.92e-08,1783479509584_file4102_600_deg.csv,600
01:46:18,6378969,3.74e-07,701.3394,4.76e-09,2.75e-08,3.67e-08,2.23e-08,2.7e-10,-1.23e-11,1.77e-11,1.44e-07,4.3e-10,2.38e-10,2.41e-06,2.93e-08,1783479509584_file4102_600_deg.csv,600
01:47:19,6439589,3.74e-07,699.2395,4.8e-09,2.76e-08,3.68e-08,2.23e-08,3.46e-11,2.58e-11,1.2e-11,1.44e-07,4.74e-10,2.38e-10,2.4e-06,2.94e-08,1783479509584_file4102_600_deg.csv,600
01:48:20,6500187,3.74e-07,700.88,4.78e-09,2.77e-08,3.69e-08,2.23e-08,-3.25e-11,8.25e-12,3.66e-11,1.43e-07,4.57e-10,2.33e-10,2.41e-06,2.97e-08,1783479509584_file4102_600_deg.csv,600
01:49:20,6560787,3.73e-07,700.1582,4.81e-09,2.77e-08,3.69e-08,2.23e-08,1.45e-12,3.47e-11,2.21e-11,1.44e-07,4.44e-10,2.43e-10,2.41e-06,2.99e-08,1783479509584_file4102_600_deg.csv,600
01:50:21,6621407,3.73e-07,701.0769,4.8e-09,2.77e-08,3.69e-08,2.23e-08,2.91e-10,3.36e-11,2.04e-11,1.44e-07,4.67e-10,2.57e-10,2.41e-06,3.02e-08,1783479509584_file4102_600_deg.csv,600
01:51:22,6682027,3.72e-07,701.0113,4.8e-09,2.77e-08,3.7e-08,2.23e-08,-1.13e-10,1.71e-11,2.57e-11,1.44e-07,4.58e-10,2.34e-10,2.41e-06,3.02e-08,1783479509584_file4102_600_deg.csv,600
01:52:22,6742646,3.72e-07,701.1425,4.8e-09,2.77e-08,3.69e-08,2.24e-08,4.94e-12,1.16e-11,1.71e-11,1.44e-07,4.75e-10,2.44e-10,2.4e-06,3.05e-08,1783479509584_file4102_600_deg.csv,600
01:53:23,6803266,3.73e-07,700.7488,4.78e-09,2.77e-08,3.7e-08,2.23e-08,-1.94e-10,2.39e-11,1.63e-11,1.43e-07,4.7e-10,2.38e-10,2.4e-06,3.03e-08,1783479509584_file4102_600_deg.csv,600
01:54:23,6863886,3.71e-07,701.2738,4.8e-09,2.78e-08,3.69e-08,2.23e-08,-7.61e-11,1.66e-11,2.77e-11,1.43e-07,4.55e-10,2.37e-10,2.4e-06,3.05e-08,1783479509584_file4102_600_deg.csv,600
01:55:24,6924506,3.72e-07,701.0769,4.85e-09,2.79e-08,3.72e-08,2.24e-08,1.6e-11,1.63e-11,3.57e-11,1.42e-07,4.46e-10,2.4e-10,2.4e-06,3.05e-08,1783479509584_file4102_600_deg.csv,600
01:56:25,6985126,3.71e-07,701.0769,4.81e-09,2.8e-08,3.73e-08,2.23e-08,-3.05e-11,2.16e-11,4.3e-13,1.42e-07,4.56e-10,2.53e-10,2.4e-06,3.04e-08,1783479509584_file4102_600_deg.csv,600
01:57:25,7045746,3.71e-07,700.6176,4.85e-09,2.81e-08,3.73e-08,2.23e-08,-1.73e-10,2.2e-11,2.4e-11,1.42e-07,4.68e-10,2.39e-10,2.4e-06,3.06e-08,1783479509584_file4102_600_deg.csv,600
01:58:23,7103114,3.71e-07,700.4863,4.87e-09,2.82e-08,3.75e-08,2.24e-08,3.25e-10,2.38e-11,2.84e-11,1.38e-07,4.45e-10,2.33e-10,2.39e-06,3.13e-08,1783479509584_file4102_600_deg.csv,600
01:59:23,7163734,3.58e-07,684.8679,5.99e-09,3.61e-08,4.71e-08,2.23e-08,-3.1e-10,2.15e-11,3.75e-11,1.34e-07,4.2e-10,2.41e-10,2.4e-06,3.5e-08,1783479509584_file4102_600_deg.csv,600
0:00:00,531,0.0,30.7966,3.01e-08,2.19e-07,2.79e-07,8.6e-09,0.0,4.3e-09,8.6e-09,4.3e-09,0.0,9.46e-08,2.73e-06,1.08e-10,1783479509583_file4106_700_deg.csv,700
0:00:19,19340,6.66e-10,30.8622,3.36e-08,2.19e-07,2.73e-07,1.07e-08,-5.46e-08,-3.35e-09,-2.02e-09,4.7e-09,2.95e-09,9.14e-08,2.7e-06,1.05e-10,1783479509583_file4106_700_deg.csv,700
0:00:33,33103,5.37e-10,30.8622,3.14e-08,2.13e-07,2.58e-07,9.14e-09,0.0,1.07e-10,0.0,5.8e-09,1.58e-10,8.98e-08,2.71e-06,9.74e-11,1783479509583_file4106_700_deg.csv,700
0:00:52,52451,6.33e-10,30.9278,3.13e-08,2.13e-07,2.58e-07,9.6e-09,-6.36e-10,6.12e-11,5.98e-11,5.75e-09,1.32e-10,8.96e-08,2.7e-06,1.03e-10,1783479509583_file4106_700_deg.csv,700
0:01:17,77618,6.52e-10,32.634,3.12e-08,2.13e-07,2.58e-07,9.53e-09,3.99e-10,1.92e-11,8.75e-12,5.78e-09,1.65e-11,8.9e-08,2.71e-06,1.17e-10,1783479509583_file4106_700_deg.csv,700
0:01:58,118236,6.13e-10,41.4932,3.1e-08,2.12e-07,2.57e-07,9.39e-09,1.71e-11,2.52e-11,4.77e-11,5.7e-09,6.35e-11,8.82e-08,2.71e-06,1.84e-10,1783479509583_file4106_700_deg.csv,700
0:03:07,187586,5.99e-10,55.2742,3.11e-08,2.12e-07,2.57e-07,9.27e-09,3.06e-10,1.29e-11,5.4e-11,5.66e-09,5.8e-11,8.78e-08,2.73e-06,3.43e-10,1783479509583_file4106_700_deg.csv,700
0:04:16,256936,5.94e-10,69.5145,3.09e-08,2.12e-07,2.57e-07,9.31e-09,-1.73e-10,2.85e-11,4.18e-11,5.64e-09,4.71e-11,8.86e-08,2.75e-06,5.81e-10,1783479509583_file4106_700_deg.csv,700
0:05:26,326286,6.21e-10,84.0174,3.11e-08,2.14e-07,2.6e-07,9.6e-09,2.98e-10,1.48e-11,5.27e-11,5.71e-09,5.55e-11,9.01e-08,2.77e-06,1.01e-09,1783479509583_file4106_700_deg.csv,700
0:06:35,395636,5.95e-10,98.1265,3.12e-08,2.16e-07,2.61e-07,1.02e-08,-2.74e-10,5.19e-12,5.35e-11,5.73e-09,6.98e-11,9.09e-08,2.78e-06,1.04e-09,1783479509583_file4106_700_deg.csv,700
0:07:44,464986,6.22e-10,111.6449,3.13e-08,2.17e-07,2.63e-07,1.1e-08,-1.51e-10,2.57e-11,4.3e-11,5.76e-09,1.02e-10,9.16e-08,2.82e-06,9.84e-10,1783479509583_file4106_700_deg.csv,700
0:08:54,534336,6.05e-10,125.0978,3.14e-08,2.18e-07,2.64e-07,1.18e-08,-1.25e-10,1.36e-11,4.9e-11,5.75e-09,5.41e-11,9.22e-08,2.82e-06,1.07e-09,1783479509583_file4106_700_deg.csv,700
0:10:03,603686,6.1e-10,138.9444,3.15e-08,2.19e-07,2.66e-07,1.29e-08,5.75e-11,2.79e-11,5.21e-11,5.77e-09,7.55e-11,9.33e-08,2.84e-06,1.23e-09,1783479509583_file4106_700_deg.csv,700
0:11:06,666536,6.31e-10,151.4129,3.15e-08,2.2e-07,2.66e-07,1.36e-08,2.07e-10,1.69e-11,6.04e-11,5.68e-09,7.49e-11,9.31e-08,2.83e-06,1.51e-09,1783479509583_file4106_700_deg.csv,700
0:12:15,735886,6.27e-10,164.8658,3.13e-08,2.19e-07,2.65e-07,1.41e-08,-4.25e-10,1.46e-11,5.01e-11,5.72e-09,6.29e-11,9.27e-08,2.83e-06,1.97e-09,1783479509583_file4106_700_deg.csv,700
0:13:25,805236,6.3e-10,178.0561,3.13e-08,2.18e-07,2.64e-07,1.44e-08,2.91e-12,2.42e-11,5.95e-11,5.74e-09,7.34e-11,9.18e-08,2.83e-06,2.66e-09,1783479509583_file4106_700_deg.csv,700
0:14:34,874586,6.31e-10,191.509,3.12e-08,2.17e-07,2.63e-07,1.43e-08,-1.76e-10,7.34e-12,4.73e-11,5.77e-09,7.14e-11,9.09e-08,2.83e-06,3.39e-09,1783479509583_file4106_700_deg.csv,700
0:15:43,943936,6.26e-10,205.0931,3.13e-08,2.17e-07,2.63e-07,1.43e-08,2.4e-10,1.92e-11,5.44e-11,5.78e-09,6.6e-11,8.94e-08,2.82e-06,3.98e-09,1783479509583_file4106_700_deg.csv,700
0:16:53,1013286,6.42e-10,218.4147,3.1e-08,2.16e-07,2.62e-07,1.41e-08,5.92e-10,1.65e-11,5.3e-11,5.75e-09,7.58e-11,8.9e-08,2.82e-06,4.14e-09,1783479509583_file4106_700_deg.csv,700
0:18:02,1082636,6.29e-10,231.6051,3.09e-08,2.15e-07,2.6e-07,1.41e-08,2.88e-11,1.92e-11,4.19e-11,5.73e-09,6.71e-11,8.84e-08,2.8e-06,4.3e-09,1783479509583_file4106_700_deg.csv,700
0:19:08,1148736,6.23e-10,244.2048,3.08e-08,2.14e-07,2.59e-07,1.38e-08,5.01e-10,2.89e-12,4.18e-11,5.71e-09,9.32e-11,8.77e-08,2.8e-06,4.7e-09,1783479509583_file4106_700_deg.csv,700
0:20:18,1218088,6.35e-10,258.117,3.07e-08,2.13e-07,2.58e-07,1.36e-08,-1.32e-10,5.33e-12,6.76e-11,5.75e-09,1.2e-10,8.73e-08,2.78e-06,5.35e-09,1783479509583_file4106_700_deg.csv,700
0:21:30,1290559,6.13e-10,271.9636,3.05e-08,2.12e-07,2.57e-07,1.34e-08,-1.45e-12,1.9e-11,4.05e-11,5.75e-09,7.21e-11,8.6e-08,2.78e-06,6.11e-09,1783479509583_file4106_700_deg.csv,700
0:22:33,1353279,6.18e-10,284.3665,3.04e-08,2.11e-07,2.56e-07,1.3e-08,-2.89e-10,9.84e-12,3.53e-11,5.79e-09,9.55e-11,8.52e-08,2.77e-06,7.24e-09,1783479509583_file4106_700_deg.csv,700
0:23:35,1415999,6.31e-10,296.3756,3.02e-08,2.1e-07,2.55e-07,1.28e-08,2.21e-10,1.79e-11,2e-11,5.93e-09,7.15e-11,8.31e-08,2.78e-06,8.85e-09,1783479509583_file4106_700_deg.csv,700
0:24:38,1478719,6.13e-10,308.6473,3.01e-08,2.09e-07,2.53e-07,1.27e-08,-9.76e-11,2.26e-11,4.26e-11,6.08e-09,9.85e-11,8.06e-08,2.78e-06,1.07e-08,1783479509583_file4106_700_deg.csv,700
0:25:39,1539210,6.31e-10,320.3283,2.98e-08,2.08e-07,2.52e-07,1.26e-08,-7.55e-11,2.02e-11,3.13e-11,6.23e-09,1.06e-10,7.72e-08,2.78e-06,1.28e-08,1783479509583_file4106_700_deg.csv,700
0:26:36,1596579,6.46e-10,331.5499,2.97e-08,2.07e-07,2.51e-07,1.26e-08,7.38e-11,9.94e-12,3.43e-11,6.47e-09,1.16e-10,7.38e-08,2.79e-06,1.5e-08,1783479509583_file4106_700_deg.csv,700
0:27:37,1657198,6.84e-10,343.0997,2.94e-08,2.05e-07,2.49e-07,1.29e-08,-2.04e-10,-4.64e-12,3.35e-11,6.77e-09,9.76e-11,6.93e-08,2.78e-06,1.77e-08,1783479509583_file4106_700_deg.csv,700
0:28:37,1717818,7.69e-10,354.8463,2.92e-08,2.03e-07,2.47e-07,1.33e-08,4.15e-11,2.33e-12,3.4e-11,6.99e-09,7.94e-11,6.53e-08,2.78e-06,2.05e-08,1783479509583_file4106_700_deg.csv,700
0:29:38,1778438,8.4e-10,366.593,2.9e-08,2.02e-07,2.46e-07,1.42e-08,-1.53e-10,9.62e-12,2.69e-11,7.24e-09,9.87e-11,6.21e-08,2.76e-06,2.26e-08,1783479509583_file4106_700_deg.csv,700
0:30:35,1835807,9.15e-10,377.9459,2.91e-08,2.02e-07,2.45e-07,1.52e-08,2.82e-11,6.48e-12,3.61e-11,7.42e-09,1.44e-10,6.29e-08,2.75e-06,2.34e-08,1783479509583_file4106_700_deg.csv,700
0:31:33,1893177,8.77e-10,388.7082,2.92e-08,2.04e-07,2.47e-07,1.63e-08,-4.22e-10,2.09e-11,2.83e-11,7.57e-09,1.66e-10,6.64e-08,2.74e-06,2.43e-08,1783479509583_file4106_700_deg.csv,700
0:32:33,1953796,7.53e-10,400.1267,2.96e-08,2.06e-07,2.51e-07,1.7e-08,3.14e-10,1.6e-11,4.32e-11,7.86e-09,1.58e-10,6.33e-08,2.74e-06,2.86e-08,1783479509583_file4106_700_deg.csv,700
0:33:34,2014415,7.91e-10,411.939,2.96e-08,2.05e-07,2.5e-07,1.66e-08,-4.33e-11,1.54e-11,3.63e-11,8.21e-09,1.98e-10,5.81e-08,2.73e-06,3.3e-08,1783479509583_file4106_700_deg.csv,700
0:34:35,2075035,8.01e-10,424.145,2.94e-08,2.04e-07,2.49e-07,1.6e-08,-2.55e-10,1.43e-11,3.16e-11,8.65e-09,1.81e-10,5.38e-08,2.73e-06,3.76e-08,1783479509583_file4106_700_deg.csv,700
0:35:35,2135655,8.4e-10,436.2853,2.93e-08,2.03e-07,2.47e-07,1.54e-08,-2.73e-10,-8.09e-12,3.24e-11,9.09e-09,1.79e-10,4.97e-08,2.73e-06,4.11e-08,1783479509583_file4106_700_deg.csv,700
0:36:36,2196275,8.91e-10,447.8351,2.9e-08,2.01e-07,2.45e-07,1.5e-08,-1.62e-10,9.28e-12,4.14e-11,9.53e-09,2.84e-10,4.52e-08,2.73e-06,4.43e-08,1783479509583_file4106_700_deg.csv,700
0:37:36,2256895,9.75e-10,459.3849,2.87e-08,1.99e-07,2.43e-07,1.48e-08,3.17e-11,1.62e-11,4.52e-11,9.94e-09,3.43e-10,4.2e-08,2.73e-06,4.54e-08,1783479509583_file4106_700_deg.csv,700
0:38:37,2317515,1.09e-09,470.9347,2.85e-08,1.97e-07,2.4e-07,1.49e-08,4.31e-10,2.53e-11,3.31e-11,1.01e-08,4.46e-10,4e-08,2.72e-06,4.4e-08,1783479509583_file4106_700_deg.csv,700
0:39:34,2374885,1.19e-09,481.9594,2.82e-08,1.96e-07,2.38e-07,1.56e-08,-3.69e-11,-7.42e-13,3.8e-11,9.89e-09,4.9e-10,3.94e-08,2.72e-06,4.2e-08,1783479509583_file4106_700_deg.csv,700
0:40:35,2435504,1.32e-09,493.9029,2.78e-08,1.92e-07,2.34e-07,1.7e-08,-1.8e-10,3.21e-11,3.68e-11,9.59e-09,5.71e-10,3.83e-08,2.74e-06,3.93e-08,1783479509583_file4106_700_deg.csv,700
0:41:36,2496124,1.47e-09,505.3215,2.73e-08,1.89e-07,2.3e-07,1.94e-08,9.18e-11,2.75e-11,4.44e-11,9.13e-09,5.46e-10,3.61e-08,2.73e-06,3.7e-08,1783479509583_file4106_700_deg.csv,700
0:42:36,2556744,1.57e-09,516.74,2.68e-08,1.85e-07,2.25e-07,2.31e-08,5.31e-10,1.84e-11,5.26e-11,8.93e-09,4.99e-10,3.22e-08,2.75e-06,3.67e-08,1783479509583_file4106_700_deg.csv,700
0:43:37,2617364,1.77e-09,528.421,2.62e-08,1.81e-07,2.2e-07,2.86e-08,3.47e-10,4.19e-11,8.72e-11,9.16e-09,4.65e-10,2.53e-08,2.75e-06,3.98e-08,1783479509583_file4106_700_deg.csv,700
0:44:37,2677984,2.18e-09,540.3645,2.54e-08,1.75e-07,2.13e-07,3.58e-08,-2.73e-10,1.09e-10,1.68e-10,1e-08,4.77e-10,1.64e-08,2.75e-06,4.44e-08,1783479509583_file4106_700_deg.csv,700
0:45:38,2738605,2.91e-09,552.308,2.47e-08,1.7e-07,2.07e-07,4.52e-08,9.12e-11,1.74e-10,3.19e-10,1.13e-08,5.5e-10,9.49e-09,2.74e-06,4.93e-08,1783479509583_file4106_700_deg.csv,700
0:46:39,2799225,4.2e-09,563.9234,2.41e-08,1.66e-07,2.02e-07,5.44e-08,3.48e-10,2.84e-10,4.34e-10,1.28e-08,6.12e-10,4.77e-09,2.72e-06,5.4e-08,1783479509583_file4106_700_deg.csv,700
0:47:37,2857744,5.97e-09,575.0794,2.36e-08,1.62e-07,1.98e-07,6.05e-08,3.92e-10,4.38e-10,6.31e-10,1.39e-08,6.18e-10,4.28e-10,2.71e-06,5.85e-08,1783479509583_file4106_700_deg.csv,700
0:48:33,2913944,1.11e-08,585.7761,2.31e-08,1.58e-07,1.92e-07,6.41e-08,3.39e-10,6.04e-10,8.56e-10,1.75e-08,8.03e-10,4.13e-10,2.69e-06,5.44e-08,1783479509583_file4106_700_deg.csv,700
0:49:32,2972993,1.84e-08,597.0634,2.26e-08,1.54e-07,1.87e-07,6.64e-08,3.88e-10,8.08e-10,1.12e-09,1.73e-08,9.82e-10,3.91e-10,2.68e-06,5.41e-08,1783479509583_file4106_700_deg.csv,700
0:50:31,3031513,1.83e-08,608.6788,2.24e-08,1.53e-07,1.86e-07,6.78e-08,5.85e-10,9.58e-10,1.32e-09,1.84e-08,1.1e-09,4.14e-10,2.67e-06,5.41e-08,1783479509583_file4106_700_deg.csv,700
0:51:30,3090031,1.9e-08,619.9004,2.23e-08,1.51e-07,1.84e-07,6.87e-08,9.78e-10,1.05e-09,1.39e-09,2.05e-08,1.25e-09,3.95e-10,2.65e-06,5.48e-08,1783479509583_file4106_700_deg.csv,700
0:52:25,3145300,2.76e-08,630.7284,2.14e-08,1.45e-07,1.77e-07,6.94e-08,9.86e-10,9.76e-10,1.36e-09,2.76e-08,1.28e-09,3.96e-10,2.63e-06,5.33e-08,1783479509583_file4106_700_deg.csv,700
0:53:23,3203820,4.27e-08,642.0156,2.06e-08,1.38e-07,1.69e-07,6.97e-08,7.88e-10,9.85e-10,1.41e-09,3.43e-08,1.33e-09,4.04e-10,2.62e-06,5.16e-08,1783479509583_file4106_700_deg.csv,700
0:54:22,3262340,5.51e-08,653.6966,1.98e-08,1.33e-07,1.63e-07,7.02e-08,8.38e-10,1.04e-09,1.45e-09,4.17e-08,1.37e-09,3.86e-10,2.6e-06,4.97e-08,1783479509583_file4106_700_deg.csv,700
0:55:20,3320858,6.65e-08,664.6558,1.92e-08,1.28e-07,1.57e-07,7.05e-08,9.67e-10,1.08e-09,1.46e-09,4.76e-08,1.16e-09,3.98e-10,2.57e-06,8.97e-08,1783479509583_file4106_700_deg.csv,700
0:56:19,3379378,8.96e-08,676.9274,1.25e-08,8.18e-08,1.06e-07,7.06e-08,-2.24e-11,2.53e-10,2.73e-10,6.86e-08,4.46e-10,4.08e-10,2.52e-06,1.07e-07,1783479509583_file4106_700_deg.csv,700
0:57:18,3438417,1.08e-07,687.6897,6.07e-09,3.73e-08,5.6e-08,7.13e-08,-9.88e-12,1.11e-11,7.68e-12,1.08e-07,4.88e-10,3.91e-10,2.48e-06,6.76e-08,1783479509583_file4106_700_deg.csv,700
0:58:17,3497707,2.4e-07,699.1739,1.66e-09,5.35e-09,1.52e-08,7.29e-08,1.28e-10,1.71e-11,-1.46e-12,1.68e-07,5.47e-10,3.77e-10,2.47e-06,4.15e-08,1783479509583_file4106_700_deg.csv,700
0:59:18,3558326,2.64e-07,703.5706,2.77e-09,1.13e-08,2.14e-08,7.34e-08,1.22e-11,1.46e-11,1.77e-11,1.71e-07,5.29e-10,3.72e-10,2.46e-06,1.69e-08,1783479509583_file4106_700_deg.csv,700
1:00:21,3621046,3.04e-07,704.555,3.41e-09,1.72e-08,2.4e-08,7.38e-08,-6.22e-11,-4.71e-12,6.17e-12,1.63e-07,5.07e-10,3.89e-10,2.46e-06,1.35e-08,1783479509583_file4106_700_deg.csv,700
1:01:21,3681666,3.21e-07,704.8175,3.57e-09,1.82e-08,2.49e-08,7.41e-08,-3.92e-11,4.7e-12,1.67e-11,1.57e-07,5.02e-10,3.8e-10,2.45e-06,1.25e-08,1783479509583_file4106_700_deg.csv,700
1:02:22,3742288,3.32e-07,704.7519,3.33e-09,1.68e-08,2.31e-08,7.45e-08,-1.17e-10,1.67e-11,1e-11,1.57e-07,5.02e-10,3.83e-10,2.45e-06,1.13e-08,1783479509583_file4106_700_deg.csv,700
1:03:22,3802908,3.36e-07,704.7519,3.34e-09,1.65e-08,2.26e-08,7.47e-08,2.28e-10,4.42e-12,1.11e-11,1.57e-07,5.1e-10,3.66e-10,2.45e-06,1.08e-08,1783479509583_file4106_700_deg.csv,700
1:04:23,3863528,3.38e-07,704.555,3.21e-09,1.63e-08,2.24e-08,7.47e-08,-1.41e-10,-9.92e-12,2.31e-11,1.57e-07,5.02e-10,3.55e-10,2.45e-06,1.05e-08,1783479509583_file4106_700_deg.csv,700
1:05:20,3920896,3.37e-07,704.03,3.28e-09,1.67e-08,2.29e-08,7.47e-08,-4.49e-10,7.31e-12,1.47e-11,1.55e-07,4.98e-10,3.51e-10,2.41e-06,1.34e-08,1783479509583_file4106_700_deg.csv,700
1:06:21,3981516,3.58e-07,703.7019,3.15e-09,1.48e-08,2.08e-08,6.31e-08,1.73e-10,6.88e-12,2.73e-11,1.73e-07,5.66e-10,3.25e-10,2.43e-06,1.23e-08,1783479509583_file4106_700_deg.csv,700
1:07:21,4041097,3.47e-07,703.4394,3.14e-09,1.55e-08,2.13e-08,4.63e-08,5.93e-11,-4.82e-12,3.36e-12,1.64e-07,5.22e-10,3.17e-10,2.42e-06,1.23e-08,1783479509583_file4106_700_deg.csv,700
1:08:21,4101715,3.45e-07,703.2425,3.27e-09,1.64e-08,2.21e-08,3.78e-08,-2.99e-10,4.3e-13,1.29e-11,1.62e-07,5.06e-10,2.87e-10,2.44e-06,1.27e-08,1783479509583_file4106_700_deg.csv,700
1:09:22,4162335,3.44e-07,703.0456,3.36e-09,1.69e-08,2.26e-08,3.27e-08,4.79e-11,1.35e-11,1.63e-11,1.6e-07,4.88e-10,2.87e-10,2.44e-06,1.33e-08,1783479509583_file4106_700_deg.csv,700
1:10:22,4222955,3.44e-07,702.8488,3.4e-09,1.73e-08,2.32e-08,2.95e-08,-1.28e-11,1.95e-11,9.65e-12,1.59e-07,5.14e-10,2.66e-10,2.45e-06,1.4e-08,1783479509583_file4106_700_deg.csv,700
1:11:23,4283575,3.45e-07,702.8488,3.42e-09,1.77e-08,2.36e-08,2.74e-08,-3.11e-10,2.47e-11,1.68e-11,1.58e-07,5.09e-10,2.77e-10,2.45e-06,1.47e-08,1783479509583_file4106_700_deg.csv,700
1:12:24,4344195,3.45e-07,702.6519,3.47e-09,1.8e-08,2.4e-08,2.59e-08,-3.83e-10,7.82e-12,3.4e-11,1.57e-07,4.82e-10,2.69e-10,2.47e-06,1.54e-08,1783479509583_file4106_700_deg.csv,700
1:13:24,4404815,3.45e-07,702.2581,3.5e-09,1.82e-08,2.42e-08,2.47e-08,-4.55e-10,2.75e-11,1.76e-11,1.56e-07,5.02e-10,2.7e-10,2.47e-06,1.6e-08,1783479509583_file4106_700_deg.csv,700
1:14:25,4465435,3.45e-07,702.3894,3.55e-09,1.84e-08,2.45e-08,2.4e-08,-1.98e-10,1.3e-11,2.61e-11,1.55e-07,5.05e-10,2.54e-10,2.48e-06,1.65e-08,1783479509583_file4106_700_deg.csv,700
1:15:22,4522805,3.47e-07,702.455,3.55e-09,1.87e-08,2.49e-08,2.34e-08,-5.08e-11,6.59e-12,8.84e-12,1.55e-07,4.92e-10,2.55e-10,2.48e-06,1.72e-08,1783479509583_file4106_700_deg.csv,700
1:16:23,4583425,3.47e-07,702.3894,3.53e-09,1.85e-08,2.48e-08,2.3e-08,-2.37e-10,1.25e-11,1.62e-11,1.54e-07,5.05e-10,2.63e-10,2.49e-06,1.79e-08,1783479509583_file4106_700_deg.csv,700
1:17:20,4640793,3.47e-07,702.1269,3.55e-09,1.85e-08,2.48e-08,2.26e-08,2.01e-10,1.76e-11,2.27e-11,1.53e-07,5.07e-10,2.63e-10,2.49e-06,1.84e-08,1783479509583_file4106_700_deg.csv,700
1:18:21,4701391,3.48e-07,701.9956,3.51e-09,1.86e-08,2.5e-08,2.24e-08,-6.22e-11,2.25e-11,1.76e-11,1.51e-07,4.63e-10,2.56e-10,2.49e-06,1.89e-08,1783479509583_file4106_700_deg.csv,700
1:19:22,4762013,3.48e-07,702.3238,3.55e-09,1.88e-08,2.51e-08,2.21e-08,-2.74e-10,1.07e-11,1.83e-11,1.51e-07,4.72e-10,2.58e-10,2.5e-06,1.93e-08,1783479509583_file4106_700_deg.csv,700
1:20:22,4822633,3.49e-07,702.0613,3.5e-09,1.87e-08,2.51e-08,2.19e-08,1.19e-10,1.6e-12,2.26e-11,1.5e-07,4.67e-10,2.52e-10,2.5e-06,1.97e-08,1783479509583_file4106_700_deg.csv,700
1:21:23,4883253,3.49e-07,701.93,3.54e-09,1.87e-08,2.52e-08,2.17e-08,1.05e-09,7.74e-12,8.92e-12,1.49e-07,4.75e-10,2.55e-10,2.51e-06,2.03e-08,1783479509583_file4106_700_deg.csv,700
1:22:23,4943873,3.5e-07,701.8644,3.5e-09,1.84e-08,2.5e-08,2.15e-08,-2.43e-10,3.61e-11,2.05e-11,1.48e-07,4.55e-10,2.45e-10,2.51e-06,2.06e-08,1783479509583_file4106_700_deg.csv,700
1:23:24,5004493,3.51e-07,701.6676,3.42e-09,1.79e-08,2.44e-08,2.14e-08,3.74e-10,1.95e-11,1.01e-11,1.48e-07,4.68e-10,2.52e-10,2.51e-06,2.1e-08,1783479509583_file4106_700_deg.csv,700
1:24:25,5065113,3.53e-07,701.5363,3.37e-09,1.78e-08,2.43e-08,2.14e-08,-1.84e-10,2.21e-11,2.93e-11,1.47e-07,4.56e-10,2.44e-10,2.51e-06,2.13e-08,1783479509583_file4106_700_deg.csv,700
1:25:25,5125733,3.52e-07,701.93,3.41e-09,1.78e-08,2.43e-08,2.12e-08,2.7e-10,2.04e-11,2.63e-11,1.46e-07,4.33e-10,2.41e-10,2.51e-06,2.17e-08,1783479509583_file4106_700_deg.csv,700
1:26:26,5186353,3.5e-07,701.8644,3.37e-09,1.77e-08,2.41e-08,2.12e-08,-3.49e-11,2.09e-11,3.06e-11,1.45e-07,4.71e-10,2.44e-10,2.52e-06,2.2e-08,1783479509583_file4106_700_deg.csv,700
1:27:23,5243721,3.51e-07,701.6019,3.39e-09,1.79e-08,2.44e-08,2.11e-08,2.81e-10,2.45e-11,2.4e-11,1.46e-07,4.6e-10,2.39e-10,2.51e-06,2.23e-08,1783479509583_file4106_700_deg.csv,700
1:28:24,5304341,3.52e-07,701.5363,3.39e-09,1.78e-08,2.43e-08,2.11e-08,-2.06e-10,2.28e-11,1.3e-11,1.45e-07,4.55e-10,2.43e-10,2.52e-06,2.26e-08,1783479509583_file4106_700_deg.csv,700
1:29:24,5364961,3.52e-07,701.5363,3.41e-09,1.79e-08,2.44e-08,2.1e-08,-5.81e-13,2.88e-11,1.72e-11,1.44e-07,4.55e-10,2.49e-10,2.51e-06,2.3e-08,1783479509583_file4106_700_deg.csv,700
1:30:25,5425581,3.52e-07,701.4051,3.34e-09,1.77e-08,2.43e-08,2.1e-08,-9.06e-11,1.29e-11,1.51e-11,1.44e-07,4.5e-10,2.48e-10,2.51e-06,2.34e-08,1783479509583_file4106_700_deg.csv,700
1:31:22,5482950,3.52e-07,701.2738,3.35e-09,1.77e-08,2.42e-08,2.1e-08,-1.56e-10,3.06e-11,7.42e-13,1.43e-07,4.54e-10,2.37e-10,2.52e-06,2.36e-08,1783479509583_file4106_700_deg.csv,700
1:32:23,5543570,3.52e-07,701.2082,3.36e-09,1.76e-08,2.43e-08,2.09e-08,-8.31e-11,2.38e-11,6.84e-12,1.43e-07,4.59e-10,2.4e-10,2.52e-06,2.39e-08,1783479509583_file4106_700_deg.csv,700
1:33:24,5604190,3.52e-07,701.4051,3.3e-09,1.76e-08,2.43e-08,2.09e-08,1.38e-10,1.51e-11,4.03e-11,1.43e-07,4.54e-10,2.39e-10,2.52e-06,2.42e-08,1783479509583_file4106_700_deg.csv,700
1:34:24,5664811,3.52e-07,701.7332,3.32e-09,1.76e-08,2.43e-08,2.08e-08,6.22e-11,2.58e-11,1.73e-11,1.43e-07,4.39e-10,2.42e-10,2.52e-06,2.45e-08,1783479509583_file4106_700_deg.csv,700
1:35:25,5725431,3.52e-07,701.4707,3.32e-09,1.76e-08,2.43e-08,2.08e-08,3.13e-10,2.96e-11,1.8e-11,1.42e-07,4.38e-10,2.35e-10,2.52e-06,2.47e-08,1783479509583_file4106_700_deg.csv,700
1:36:26,5786053,3.53e-07,701.3394,3.39e-09,1.79e-08,2.46e-08,2.08e-08,-5.61e-11,3.3e-11,2.29e-11,1.41e-07,4.58e-10,2.36e-10,2.52e-06,2.48e-08,1783479509583_file4106_700_deg.csv,700
1:37:26,5846671,3.52e-07,701.4051,3.36e-09,1.78e-08,2.45e-08,2.08e-08,-3.49e-10,2.38e-11,4.25e-11,1.41e-07,4.49e-10,2.4e-10,2.52e-06,2.51e-08,1783479509583_file4106_700_deg.csv,700
1:38:27,5907290,3.52e-07,701.4707,3.37e-09,1.78e-08,2.47e-08,2.07e-08,-2.17e-10,1.37e-11,3.46e-11,1.41e-07,4.37e-10,2.34e-10,2.52e-06,2.51e-08,1783479509583_file4106_700_deg.csv,700
1:39:27,5967910,3.51e-07,701.2082,3.37e-09,1.79e-08,2.49e-08,2.07e-08,-1.18e-10,2.67e-11,3.15e-11,1.4e-07,4.39e-10,2.46e-10,2.52e-06,2.55e-08,1783479509583_file4106_700_deg.csv,700
1:40:28,6028530,3.51e-07,701.4707,3.39e-09,1.81e-08,2.49e-08,2.07e-08,-6.94e-11,1.1e-11,3.04e-11,1.4e-07,4.32e-10,2.38e-10,2.52e-06,2.57e-08,1783479509583_file4106_700_deg.csv,700
1:41:29,6089150,3.51e-07,701.2738,3.4e-09,1.8e-08,2.49e-08,2.07e-08,-2.45e-10,3.07e-11,3.76e-11,1.4e-07,4.33e-10,2.34e-10,2.52e-06,2.6e-08,1783479509583_file4106_700_deg.csv,700
1:42:29,6149771,3.51e-07,700.88,3.37e-09,1.81e-08,2.49e-08,2.06e-08,-1.3e-10,2.18e-11,2.25e-11,1.39e-07,4.29e-10,2.43e-10,2.53e-06,2.59e-08,1783479509583_file4106_700_deg.csv,700
1:43:30,6210392,3.51e-07,701.1425,3.38e-09,1.82e-08,2.51e-08,2.06e-08,2.18e-10,1.79e-11,3.4e-11,1.39e-07,4.2e-10,2.34e-10,2.52e-06,2.61e-08,1783479509583_file4106_700_deg.csv,700
1:44:27,6267760,3.51e-07,701.1425,3.42e-09,1.83e-08,2.53e-08,2.07e-08,1.05e-10,2.77e-11,8.72e-12,1.39e-07,4.4e-10,2.4e-10,2.52e-06,2.63e-08,1783479509583_file4106_700_deg.csv,700
1:45:28,6328380,3.5e-07,700.6832,3.44e-09,1.84e-08,2.53e-08,2.06e-08,1.42e-11,2.9e-11,2.8e-11,1.38e-07,4.48e-10,2.45e-10,2.51e-06,2.66e-08,1783479509583_file4106_700_deg.csv,700
1:46:29,6389000,3.5e-07,700.7488,3.4e-09,1.83e-08,2.53e-08,2.06e-08,-7.35e-11,3.93e-11,2.95e-11,1.38e-07,4.35e-10,2.28e-10,2.52e-06,2.66e-08,1783479509583_file4106_700_deg.csv,700
1:47:29,6449620,3.5e-07,700.7488,3.44e-09,1.86e-08,2.56e-08,2.07e-08,-1.41e-10,3.14e-11,2.87e-11,1.37e-07,4.3e-10,2.38e-10,2.53e-06,2.68e-08,1783479509583_file4106_700_deg.csv,700
1:48:30,6510240,3.5e-07,700.6832,3.43e-09,1.84e-08,2.55e-08,2.06e-08,-1.14e-10,3.38e-11,3.15e-11,1.36e-07,4.45e-10,2.47e-10,2.52e-06,2.69e-08,1783479509583_file4106_700_deg.csv,700
1:49:27,6567610,3.5e-07,701.0113,3.42e-09,1.85e-08,2.55e-08,2.06e-08,2.76e-10,3.56e-11,2.74e-11,1.37e-07,4.36e-10,2.43e-10,2.53e-06,2.69e-08,1783479509583_file4106_700_deg.csv,700
1:50:28,6628208,3.5e-07,700.7488,3.41e-09,1.84e-08,2.55e-08,2.06e-08,-3.05e-10,1.83e-11,2.22e-11,1.37e-07,4.38e-10,2.41e-10,2.52e-06,2.71e-08,1783479509583_file4106_700_deg.csv,700
1:51:28,6688828,3.49e-07,700.7488,3.41e-09,1.84e-08,2.55e-08,2.06e-08,4.04e-11,1.99e-11,2.37e-11,1.35e-07,4.34e-10,2.31e-10,2.52e-06,2.72e-08,1783479509583_file4106_700_deg.csv,700
1:52:29,6749448,3.49e-07,700.6832,3.42e-09,1.84e-08,2.54e-08,2.05e-08,-1.71e-10,3.28e-11,2.37e-11,1.35e-07,4.43e-10,2.34e-10,2.52e-06,2.72e-08,1783479509583_file4106_700_deg.csv,700
1:53:30,6810068,3.49e-07,700.4863,3.42e-09,1.83e-08,2.54e-08,2.06e-08,2.21e-11,2.05e-11,7.73e-12,1.35e-07,4.15e-10,2.3e-10,2.51e-06,2.73e-08,1783479509583_file4106_700_deg.csv,700
1:54:30,6870688,3.48e-07,701.0769,3.41e-09,1.83e-08,2.54e-08,2.05e-08,1.02e-10,7.73e-12,3.2e-11,1.34e-07,4.31e-10,2.45e-10,2.52e-06,2.72e-08,1783479509583_file4106_700_deg.csv,700
1:55:31,6931308,3.49e-07,701.0769,3.42e-09,1.86e-08,2.56e-08,2.06e-08,-2.16e-10,1.75e-11,2.82e-11,1.35e-07,4.25e-10,2.37e-10,2.52e-06,2.74e-08,1783479509583_file4106_700_deg.csv,700
1:56:31,6991928,3.48e-07,699.6332,3.38e-09,1.83e-08,2.53e-08,2.05e-08,6.88e-10,2.86e-11,2.26e-11,1.34e-07,4.16e-10,2.38e-10,2.53e-06,2.76e-08,1783479509583_file4106_700_deg.csv,700
1:57:29,7049296,3.48e-07,699.6988,3.38e-09,1.83e-08,2.54e-08,2.05e-08,-2.32e-10,2.88e-11,4e-11,1.34e-07,4.28e-10,2.27e-10,2.52e-06,2.77e-08,1783479509583_file4106_700_deg.csv,700
1:58:29,7109897,3.49e-07,700.552,3.35e-09,1.82e-08,2.53e-08,2.06e-08,-4.18e-11,1.68e-11,3.39e-11,1.33e-07,4.19e-10,2.24e-10,2.53e-06,2.73e-08,1783479509583_file4106_700_deg.csv,700
1:59:30,7170518,3.45e-07,693.7927,3.83e-09,2.14e-08,2.92e-08,2.05e-08,-1.66e-11,5.35e-11,2.7e-11,1.3e-07,4.3e-10,2.2e-10,2.53e-06,2.93e-08,1783479509583_file4106_700_deg.csv,700
2:00:31,7231138,3.28e-07,676.4024,5.13e-09,3.03e-08,3.98e-08,2.04e-08,-4.65e-11,2.11e-11,4.32e-11,1.29e-07,4.09e-10,2.42e-10,2.53e-06,3.2e-08,1783479509583_file4106_700_deg.csv,700
2:01:31,7291758,3.1e-07,659.734,6.47e-09,3.96e-08,5.09e-08,2.02e-08,-1.58e-10,3.26e-11,4.85e-11,1.26e-07,3.97e-10,2.37e-10,2.53e-06,3.5e-08,1783479509583_file4106_700_deg.csv,700
2:02:32,7352378,2.91e-07,644.2468,7.83e-09,4.92e-08,6.23e-08,1.99e-08,3.2e-10,2.46e-11,3.04e-11,1.22e-07,3.93e-10,2.4e-10,2.54e-06,3.8e-08,1783479509583_file4106_700_deg.csv,700
2:03:29,7409748,2.73e-07,630.794,9.21e-09,5.86e-08,7.37e-08,1.96e-08,-1.15e-10,3.71e-11,1.05e-11,1.15e-07,3.79e-10,2.28e-10,2.54e-06,4.2e-08,1783479509583_file4106_700_deg.csv,700
2:04:30,7470368,2.53e-07,617.8661,1.07e-08,6.86e-08,8.57e-08,1.93e-08,-4.36e-12,3.59e-12,2.24e-11,1.06e-07,3.34e-10,2.28e-10,2.55e-06,4.7e-08,1783479509583_file4106_700_deg.csv,700
2:05:30,7530988,2.31e-07,605.857,1.22e-08,7.86e-08,9.8e-08,1.91e-08,-1.96e-10,2.03e-11,1.23e-11,9.38e-08,3.08e-10,2.29e-10,2.56e-06,5.09e-08,1783479509583_file4106_700_deg.csv,700
2:06:29,7589506,2.09e-07,595.4228,1.35e-08,8.88e-08,1.08e-07,1.91e-08,-5.99e-11,1.16e-11,2.4e-11,8.17e-08,2.64e-10,2.29e-10,2.56e-06,5.31e-08,1783479509583_file4106_700_deg.csv,700
2:07:28,7648025,1.85e-07,585.3167,1.5e-08,9.86e-08,1.22e-07,1.96e-08,-2.03e-10,5.92e-12,5.94e-12,7.1e-08,2.15e-10,2.45e-10,2.58e-06,5.38e-08,1783479509583_file4106_700_deg.csv,700
2:08:26,7706545,1.64e-07,575.9326,1.62e-08,1.07e-07,1.32e-07,2.08e-08,-1.3e-10,-1.29e-12,2.43e-11,6.22e-08,2.14e-10,2.5e-10,2.59e-06,5.36e-08,1783479509583_file4106_700_deg.csv,700
